"route","page","classification","access","source","destination","status"
"/Admin","Admin","AGENCY","admin_only","pages.config.js","nta-core-adminhub","PLANNED"
"/admin-center","RickAdminCenter","AGENCY","admin_only","App.jsx","nta-core-adminhub","PLANNED"
"/admin-dashboard","FreshBooksInvoicing","AGENCY","admin_only","App.jsx","nta-core-adminhub","PLANNED"
"/admin/access-governance","AdminAccessGovernance","AGENCY","admin_only","App.jsx","nta-core-adminhub","PLANNED"
"/admin/ai-growth-loops","AdminAIGrowthLoops","AGENCY","admin_only","App.jsx","nta-core-adminhub","PLANNED"
"/admin/ai-operations","AdminAIOperations","AGENCY","admin_only","App.jsx","nta-core-adminhub","PLANNED"
"/admin/ai-orchestration","AdminAIOrchestration","AGENCY","admin_only","App.jsx","nta-core-adminhub","PLANNED"
"/admin/ai-routing","AdminAIRouting","AGENCY","admin_only","App.jsx","nta-core-adminhub","PLANNED"
"/admin/ai-workforce","AdminAIWorkforce","AGENCY","admin_only","App.jsx","nta-core-adminhub","PLANNED"
"/admin/ai-workforce-legacy","AIWorkforce","AGENCY","admin_only","App.jsx","nta-core-adminhub","PLANNED"
"/admin/automation-conditions","AdminAutomationConditions","AGENCY","admin_only","App.jsx","nta-core-adminhub","PLANNED"
"/admin/automation-flows","AdminAutomationFlows","AGENCY","admin_only","App.jsx","nta-core-adminhub","PLANNED"
"/admin/automation-performance","AdminAutomationPerformance","AGENCY","admin_only","App.jsx","nta-core-adminhub","PLANNED"
"/admin/automation-rules","AdminAutomationRules","AGENCY","admin_only","App.jsx","nta-core-adminhub","PLANNED"
"/admin/campaigns","AdminCampaigns","AGENCY","admin_only","App.jsx","nta-core-adminhub","PLANNED"
"/admin/channels","AdminChannels","AGENCY","admin_only","App.jsx","nta-core-adminhub","PLANNED"
"/admin/client-expansion","AdminClientExpansion","AGENCY","admin_only","App.jsx","nta-core-adminhub","PLANNED"
"/admin/client-ltv","AdminClientLTV","AGENCY","admin_only","App.jsx","nta-core-adminhub","PLANNED"
"/admin/client-retention","AdminClientRetention","AGENCY","admin_only","App.jsx","nta-core-adminhub","PLANNED"
"/admin/client-success","AdminClientSuccess","AGENCY","admin_only","App.jsx","nta-core-adminhub","PLANNED"
"/admin/control-tower","AdminControlTower","AGENCY","admin_only","App.jsx","nta-core-adminhub","PLANNED"
"/admin/control-tower-actions","AdminControlTowerActions","AGENCY","admin_only","App.jsx","nta-core-adminhub","PLANNED"
"/admin/control-tower-insights","AdminControlTowerInsights","AGENCY","admin_only","App.jsx","nta-core-adminhub","PLANNED"
"/admin/control-tower-risk","AdminControlTowerRisk","AGENCY","admin_only","App.jsx","nta-core-adminhub","PLANNED"
"/admin/data-governance","AdminDataGovernance","AGENCY","admin_only","App.jsx","nta-core-adminhub","PLANNED"
"/admin/demo-machine","NTADemoMachine","AGENCY","admin_only","App.jsx","nta-core-adminhub","PLANNED"
"/admin/enterprise-accounts","AdminEnterpriseAccounts","AGENCY","admin_only","App.jsx","nta-core-adminhub","PLANNED"
"/admin/expansion-execution","AdminExpansionExecution","AGENCY","admin_only","App.jsx","nta-core-adminhub","PLANNED"
"/admin/expansion-playbook","AdminExpansionPlaybook","AGENCY","admin_only","App.jsx","nta-core-adminhub","PLANNED"
"/admin/expansion-revenue","AdminExpansionRevenue","AGENCY","admin_only","App.jsx","nta-core-adminhub","PLANNED"
"/admin/expansion-territories","AdminExpansionTerritories","AGENCY","admin_only","App.jsx","nta-core-adminhub","PLANNED"
"/admin/founder-planner","AdminFounderPlanner","AGENCY","admin_only","App.jsx","nta-core-adminhub","PLANNED"
"/admin/founder-priorities","AdminFounderPriorities","AGENCY","admin_only","App.jsx","nta-core-adminhub","PLANNED"
"/admin/founder-scenarios","AdminFounderScenarios","AGENCY","admin_only","App.jsx","nta-core-adminhub","PLANNED"
"/admin/founder-scorecard","FounderScorecard","AGENCY","admin_only","App.jsx","nta-core-adminhub","PLANNED"
"/admin/founder-scorecard-weekly","AdminFounderScorecardWeekly","AGENCY","admin_only","App.jsx","nta-core-adminhub","PLANNED"
"/admin/funnel-opportunities","AdminFunnelOpportunities","AGENCY","admin_only","App.jsx","nta-core-adminhub","PLANNED"
"/admin/funnel-optimization","AdminFunnelOptimization","AGENCY","admin_only","App.jsx","nta-core-adminhub","PLANNED"
"/admin/funnel-pages","AdminFunnelPages","AGENCY","admin_only","App.jsx","nta-core-adminhub","PLANNED"
"/admin/funnel-tests","AdminFunnelTests","AGENCY","admin_only","App.jsx","nta-core-adminhub","PLANNED"
"/admin/hot-prospects","AdminHotProspectsAlert","AGENCY","admin_only","App.jsx","nta-core-adminhub","PLANNED"
"/admin/journal","AdminJournalDashboard","AGENCY","admin_only","App.jsx","nta-core-adminhub","PLANNED"
"/admin/knowledge","AdminKnowledge","AGENCY","admin_only","App.jsx","nta-core-adminhub","PLANNED"
"/admin/knowledge-intelligence","AdminKnowledgeIntelligence","AGENCY","admin_only","App.jsx","nta-core-adminhub","PLANNED"
"/admin/knowledge-training","AdminKnowledgeTraining","AGENCY","admin_only","App.jsx","nta-core-adminhub","PLANNED"
"/admin/knowledge-workflows","AdminKnowledgeWorkflows","AGENCY","admin_only","App.jsx","nta-core-adminhub","PLANNED"
"/admin/location-performance","AdminLocationPerformance","AGENCY","admin_only","App.jsx","nta-core-adminhub","PLANNED"
"/admin/navigation-audit","AdminNavigationAudit","AGENCY","admin_only","App.jsx","nta-core-adminhub","PLANNED"
"/admin/operations","AdminOperations","AGENCY","admin_only","App.jsx","nta-core-adminhub","PLANNED"
"/admin/operations-capacity","AdminOperationsCapacity","AGENCY","admin_only","App.jsx","nta-core-adminhub","PLANNED"
"/admin/operations-efficiency","AdminOperationsEfficiency","AGENCY","admin_only","App.jsx","nta-core-adminhub","PLANNED"
"/admin/operations-sla","AdminOperationsSLA","AGENCY","admin_only","App.jsx","nta-core-adminhub","PLANNED"
"/admin/page-registry","AdminPageRegistry","AGENCY","admin_only","App.jsx","nta-core-adminhub","PLANNED"
"/admin/platform-qa","AdminPlatformQA","AGENCY","admin_only","App.jsx","nta-core-adminhub","PLANNED"
"/admin/pricing-experiments","AdminPricingExperiments","AGENCY","admin_only","App.jsx","nta-core-adminhub","PLANNED"
"/admin/pricing-intelligence","AdminPricingIntelligence","AGENCY","admin_only","App.jsx","nta-core-adminhub","PLANNED"
"/admin/pricing-packaging","AdminPricingPackaging","AGENCY","admin_only","App.jsx","nta-core-adminhub","PLANNED"
"/admin/pricing-recommendations","AdminPricingRecommendations","AGENCY","admin_only","App.jsx","nta-core-adminhub","PLANNED"
"/admin/production-stability","AdminProductionStability","AGENCY","admin_only","App.jsx","nta-core-adminhub","PLANNED"
"/admin/proposal-generator","AdminProposalGenerator","AGENCY","admin_only","App.jsx","nta-core-adminhub","PLANNED"
"/admin/recent-ai-activity","AdminRecentAIActivity","AGENCY","admin_only","App.jsx","nta-core-adminhub","PLANNED"
"/admin/recruiting-candidates","AdminRecruitingCandidates","AGENCY","admin_only","App.jsx","nta-core-adminhub","PLANNED"
"/admin/referrals","AdminReferrals","AGENCY","admin_only","App.jsx","nta-core-adminhub","PLANNED"
"/admin/retention-dashboard","AdminRetentionDashboard","AGENCY","admin_only","App.jsx","nta-core-adminhub","PLANNED"
"/admin/roi-expansion","AdminROIExpansion","AGENCY","admin_only","App.jsx","nta-core-adminhub","PLANNED"
"/admin/sales-command","AdminSalesCommand","AGENCY","admin_only","App.jsx","nta-core-adminhub","PLANNED"
"/admin/sales-pipeline","NTASalesPipeline","AGENCY","admin_only","App.jsx","nta-core-adminhub","PLANNED"
"/admin/tenant-governance","AdminTenantGovernance","AGENCY","admin_only","App.jsx","nta-core-adminhub","PLANNED"
"/admin/vertical-campaigns","AdminVerticalCampaigns","AGENCY","admin_only","App.jsx","nta-core-adminhub","PLANNED"
"/admin/vertical-expansion","AdminVerticalExpansion","AGENCY","admin_only","App.jsx","nta-core-adminhub","PLANNED"
"/admin/vertical-intelligence","AdminVerticalIntelligence","AGENCY","admin_only","App.jsx","nta-core-adminhub","PLANNED"
"/admin/vertical-revenue","AdminVerticalRevenue","AGENCY","admin_only","App.jsx","nta-core-adminhub","PLANNED"
"/admin/workflows","AdminWorkflows","AGENCY","admin_only","App.jsx","nta-core-adminhub","PLANNED"
"/AdminAccess","AdminAccess","AGENCY","admin_only","pages.config.js","nta-core-adminhub","PLANNED"
"/AdminAccessAudit","AdminAccessAudit","AGENCY","admin_only","pages.config.js","nta-core-adminhub","PLANNED"
"/AdminAccessGovernance","AdminAccessGovernance","AGENCY","admin_only","pages.config.js","nta-core-adminhub","PLANNED"
"/AdminAccessPermissions","AdminAccessPermissions","AGENCY","admin_only","pages.config.js","nta-core-adminhub","PLANNED"
"/AdminAccessRoles","AdminAccessRoles","AGENCY","admin_only","pages.config.js","nta-core-adminhub","PLANNED"
"/AdminAccessScopes","AdminAccessScopes","AGENCY","admin_only","pages.config.js","nta-core-adminhub","PLANNED"
"/AdminAgents","AdminAgents","AGENCY","admin_only","pages.config.js","nta-core-adminhub","PLANNED"
"/AdminAgentsRecovery","AdminAgentsRecovery","AGENCY","admin_only","pages.config.js","nta-core-adminhub","PLANNED"
"/AdminAgentsWorkflows","AdminAgentsWorkflows","AGENCY","admin_only","pages.config.js","nta-core-adminhub","PLANNED"
"/AdminAIActivity","AdminAIActivity","AGENCY","admin_only","pages.config.js","nta-core-adminhub","PLANNED"
"/AdminAIControlCenter","AdminAIControlCenter","AGENCY","admin_only","pages.config.js","nta-core-adminhub","PLANNED"
"/AdminAIGrowthLoops","AdminAIGrowthLoops","AGENCY","admin_only","pages.config.js","nta-core-adminhub","PLANNED"
"/AdminAILab","AdminAILab","AGENCY","admin_only","pages.config.js","nta-core-adminhub","PLANNED"
"/AdminAIOperations","AdminAIOperations","AGENCY","admin_only","pages.config.js","nta-core-adminhub","PLANNED"
"/AdminAIOrchestration","AdminAIOrchestration","AGENCY","admin_only","pages.config.js","nta-core-adminhub","PLANNED"
"/AdminAIPrompts","AdminAIPrompts","AGENCY","admin_only","pages.config.js","nta-core-adminhub","PLANNED"
"/AdminAIRouting","AdminAIRouting","AGENCY","admin_only","pages.config.js","nta-core-adminhub","PLANNED"
"/AdminAIVideoStudio","AdminAIVideoStudio","AGENCY","admin_only","pages.config.js","nta-core-adminhub","PLANNED"
"/AdminAIWorkforce","AdminAIWorkforce","AGENCY","admin_only","pages.config.js","nta-core-adminhub","PLANNED"
"/AdminAlbertLeaRestaurantCampaign","AdminAlbertLeaRestaurantCampaign","AGENCY","admin_only","pages.config.js","nta-core-adminhub","PLANNED"
"/AdminAlerts","AdminAlerts","AGENCY","admin_only","pages.config.js","nta-core-adminhub","PLANNED"
"/AdminAnalytics","AdminAnalytics","AGENCY","admin_only","pages.config.js","nta-core-adminhub","PLANNED"
"/AdminApproval","AdminApproval","AGENCY","admin_only","pages.config.js","nta-core-adminhub","PLANNED"
"/AdminAutomation","AdminAutomation","AGENCY","admin_only","pages.config.js","nta-core-adminhub","PLANNED"
"/AdminAutomationConditions","AdminAutomationConditions","AGENCY","admin_only","pages.config.js","nta-core-adminhub","PLANNED"
"/AdminAutomationDependencies","AdminAutomationDependencies","AGENCY","admin_only","pages.config.js","nta-core-adminhub","PLANNED"
"/AdminAutomationFlows","AdminAutomationFlows","AGENCY","admin_only","pages.config.js","nta-core-adminhub","PLANNED"
"/AdminAutomationHealth","AdminAutomationHealth","AGENCY","admin_only","pages.config.js","nta-core-adminhub","PLANNED"
"/AdminAutomationPerformance","AdminAutomationPerformance","AGENCY","admin_only","pages.config.js","nta-core-adminhub","PLANNED"
"/AdminAutomationRuleDetail","AdminAutomationRuleDetail","AGENCY","admin_only","pages.config.js","nta-core-adminhub","PLANNED"
"/AdminAutomationRules","AdminAutomationRules","AGENCY","admin_only","pages.config.js","nta-core-adminhub","PLANNED"
"/AdminAutomationTriggers","AdminAutomationTriggers","AGENCY","admin_only","pages.config.js","nta-core-adminhub","PLANNED"
"/AdminAutonomy","AdminAutonomy","AGENCY","admin_only","pages.config.js","nta-core-adminhub","PLANNED"
"/AdminAutonomyGovernance","AdminAutonomyGovernance","AGENCY","admin_only","pages.config.js","nta-core-adminhub","PLANNED"
"/AdminAutonomyImpact","AdminAutonomyImpact","AGENCY","admin_only","pages.config.js","nta-core-adminhub","PLANNED"
"/AdminAutonomyOpportunities","AdminAutonomyOpportunities","AGENCY","admin_only","pages.config.js","nta-core-adminhub","PLANNED"
"/AdminAutonomyStrategies","AdminAutonomyStrategies","AGENCY","admin_only","pages.config.js","nta-core-adminhub","PLANNED"
"/AdminAutopilot","AdminAutopilot","AGENCY","admin_only","pages.config.js","nta-core-adminhub","PLANNED"
"/AdminBilling","AdminBilling","AGENCY","admin_only","pages.config.js","nta-core-adminhub","PLANNED"
"/AdminBillingContract","AdminBillingContract","AGENCY","admin_only","pages.config.js","nta-core-adminhub","PLANNED"
"/AdminBlog","AdminBlog","AGENCY","admin_only","pages.config.js","nta-core-adminhub","PLANNED"
"/AdminBranding","AdminBranding","AGENCY","admin_only","pages.config.js","nta-core-adminhub","PLANNED"
"/AdminCampaigns","AdminCampaigns","AGENCY","admin_only","pages.config.js","nta-core-adminhub","PLANNED"
"/AdminChannels","AdminChannels","AGENCY","admin_only","pages.config.js","nta-core-adminhub","PLANNED"
"/AdminClientCommunications","AdminClientCommunications","AGENCY","admin_only","pages.config.js","nta-core-adminhub","PLANNED"
"/AdminClientExpansion","AdminClientExpansion","AGENCY","admin_only","pages.config.js","nta-core-adminhub","PLANNED"
"/AdminClientLifecycle","AdminClientLifecycle","AGENCY","admin_only","pages.config.js","nta-core-adminhub","PLANNED"
"/AdminClientLTV","AdminClientLTV","AGENCY","admin_only","pages.config.js","nta-core-adminhub","PLANNED"
"/AdminClientPerformance","AdminClientPerformance","AGENCY","admin_only","pages.config.js","nta-core-adminhub","PLANNED"
"/AdminClientRetention","AdminClientRetention","AGENCY","admin_only","pages.config.js","nta-core-adminhub","PLANNED"
"/AdminClients","AdminClients","AGENCY","admin_only","pages.config.js","nta-core-adminhub","PLANNED"
"/AdminClientSettings","AdminClientSettings","AGENCY","admin_only","pages.config.js","nta-core-adminhub","PLANNED"
"/AdminClientSettingsCompany","AdminClientSettingsCompany","AGENCY","admin_only","pages.config.js","nta-core-adminhub","PLANNED"
"/AdminClientSuccess","AdminClientSuccess","AGENCY","admin_only","pages.config.js","nta-core-adminhub","PLANNED"
"/AdminCommandCenter","AdminCommandCenter","AGENCY","admin_only","pages.config.js","nta-core-adminhub","PLANNED"
"/AdminCommerce","AdminCommerce","AGENCY","admin_only","pages.config.js","nta-core-adminhub","PLANNED"
"/AdminCommerceCompany","AdminCommerceCompany","AGENCY","admin_only","pages.config.js","nta-core-adminhub","PLANNED"
"/AdminConnections","AdminConnections","AGENCY","admin_only","pages.config.js","nta-core-adminhub","PLANNED"
"/AdminContentEngine","AdminContentEngine","AGENCY","admin_only","pages.config.js","nta-core-adminhub","PLANNED"
"/AdminContentMultiplier","AdminContentMultiplier","AGENCY","admin_only","pages.config.js","nta-core-adminhub","PLANNED"
"/AdminControlTower","AdminControlTower","AGENCY","admin_only","pages.config.js","nta-core-adminhub","PLANNED"
"/AdminControlTowerActions","AdminControlTowerActions","AGENCY","admin_only","pages.config.js","nta-core-adminhub","PLANNED"
"/AdminControlTowerInsights","AdminControlTowerInsights","AGENCY","admin_only","pages.config.js","nta-core-adminhub","PLANNED"
"/AdminControlTowerRisk","AdminControlTowerRisk","AGENCY","admin_only","pages.config.js","nta-core-adminhub","PLANNED"
"/AdminCopilot","AdminCopilot","AGENCY","admin_only","pages.config.js","nta-core-adminhub","PLANNED"
"/AdminCopilotAccount","AdminCopilotAccount","AGENCY","admin_only","pages.config.js","nta-core-adminhub","PLANNED"
"/AdminCreateProject","AdminCreateProject","AGENCY","admin_only","pages.config.js","nta-core-adminhub","PLANNED"
"/AdminDashboard","AdminDashboard","AGENCY","admin_only","pages.config.js","nta-core-adminhub","PLANNED"
"/AdminDataGovernance","AdminDataGovernance","AGENCY","admin_only","pages.config.js","nta-core-adminhub","PLANNED"
"/AdminDemoMachine","AdminDemoMachine","AGENCY","admin_only","pages.config.js","nta-core-adminhub","PLANNED"
"/AdminDemoMachineAnalytics","AdminDemoMachineAnalytics","AGENCY","admin_only","pages.config.js","nta-core-adminhub","PLANNED"
"/AdminDemoMachinePaths","AdminDemoMachinePaths","AGENCY","admin_only","pages.config.js","nta-core-adminhub","PLANNED"
"/AdminDemoMachineSessions","AdminDemoMachineSessions","AGENCY","admin_only","pages.config.js","nta-core-adminhub","PLANNED"
"/AdminEnterpriseAccounts","AdminEnterpriseAccounts","AGENCY","admin_only","pages.config.js","nta-core-adminhub","PLANNED"
"/AdminEventsList","AdminEventsList","AGENCY","admin_only","pages.config.js","nta-core-adminhub","PLANNED"
"/AdminExecutive","AdminExecutive","AGENCY","admin_only","pages.config.js","nta-core-adminhub","PLANNED"
"/AdminExpansionExecution","AdminExpansionExecution","AGENCY","admin_only","pages.config.js","nta-core-adminhub","PLANNED"
"/AdminExpansionPlaybook","AdminExpansionPlaybook","AGENCY","admin_only","pages.config.js","nta-core-adminhub","PLANNED"
"/AdminExpansionRevenue","AdminExpansionRevenue","AGENCY","admin_only","pages.config.js","nta-core-adminhub","PLANNED"
"/AdminExpansionTerritories","AdminExpansionTerritories","AGENCY","admin_only","pages.config.js","nta-core-adminhub","PLANNED"
"/AdminFinance","AdminFinance","AGENCY","admin_only","pages.config.js","nta-core-adminhub","PLANNED"
"/AdminFounder","AdminFounder","AGENCY","admin_only","pages.config.js","nta-core-adminhub","PLANNED"
"/AdminFounderPlanner","AdminFounderPlanner","AGENCY","admin_only","pages.config.js","nta-core-adminhub","PLANNED"
"/AdminFounderPriorities","AdminFounderPriorities","AGENCY","admin_only","pages.config.js","nta-core-adminhub","PLANNED"
"/AdminFounderScenarios","AdminFounderScenarios","AGENCY","admin_only","pages.config.js","nta-core-adminhub","PLANNED"
"/AdminFounderScorecardWeekly","AdminFounderScorecardWeekly","AGENCY","admin_only","pages.config.js","nta-core-adminhub","PLANNED"
"/AdminFulfillment","AdminFulfillment","AGENCY","admin_only","pages.config.js","nta-core-adminhub","PLANNED"
"/AdminFulfillmentDetail","AdminFulfillmentDetail","AGENCY","admin_only","pages.config.js","nta-core-adminhub","PLANNED"
"/AdminFunnelOpportunities","AdminFunnelOpportunities","AGENCY","admin_only","pages.config.js","nta-core-adminhub","PLANNED"
"/AdminFunnelOptimization","AdminFunnelOptimization","AGENCY","admin_only","pages.config.js","nta-core-adminhub","PLANNED"
"/AdminFunnelPages","AdminFunnelPages","AGENCY","admin_only","pages.config.js","nta-core-adminhub","PLANNED"
"/AdminFunnelTests","AdminFunnelTests","AGENCY","admin_only","pages.config.js","nta-core-adminhub","PLANNED"
"/AdminGeographicCampaigns","AdminGeographicCampaigns","AGENCY","admin_only","pages.config.js","nta-core-adminhub","PLANNED"
"/AdminGovernance","AdminGovernance","AGENCY","admin_only","pages.config.js","nta-core-adminhub","PLANNED"
"/AdminGovernanceAudit","AdminGovernanceAudit","AGENCY","admin_only","pages.config.js","nta-core-adminhub","PLANNED"
"/AdminGovernanceDependencies","AdminGovernanceDependencies","AGENCY","admin_only","pages.config.js","nta-core-adminhub","PLANNED"
"/AdminGovernanceFields","AdminGovernanceFields","AGENCY","admin_only","pages.config.js","nta-core-adminhub","PLANNED"
"/AdminGovernanceLifecycles","AdminGovernanceLifecycles","AGENCY","admin_only","pages.config.js","nta-core-adminhub","PLANNED"
"/AdminGovernancePolicy","AdminGovernancePolicy","AGENCY","admin_only","pages.config.js","nta-core-adminhub","PLANNED"
"/AdminGovernanceRelationships","AdminGovernanceRelationships","AGENCY","admin_only","pages.config.js","nta-core-adminhub","PLANNED"
"/AdminGrowthIntelligence","AdminGrowthIntelligence","AGENCY","admin_only","pages.config.js","nta-core-adminhub","PLANNED"
"/AdminHelp","AdminHelp","AGENCY","admin_only","pages.config.js","nta-core-adminhub","PLANNED"
"/AdminHotProspectsAlert","AdminHotProspectsAlert","AGENCY","admin_only","pages.config.js","nta-core-adminhub","PLANNED"
"/AdminHVACTerritorialCampaign","AdminHVACTerritorialCampaign","AGENCY","admin_only","pages.config.js","nta-core-adminhub","PLANNED"
"/AdminIntelligence","AdminIntelligence","AGENCY","admin_only","pages.config.js","nta-core-adminhub","PLANNED"
"/AdminIntelligenceAutomation","AdminIntelligenceAutomation","AGENCY","admin_only","pages.config.js","nta-core-adminhub","PLANNED"
"/AdminIntelligenceClients","AdminIntelligenceClients","AGENCY","admin_only","pages.config.js","nta-core-adminhub","PLANNED"
"/AdminIntelligenceResellers","AdminIntelligenceResellers","AGENCY","admin_only","pages.config.js","nta-core-adminhub","PLANNED"
"/AdminIntelligenceSales","AdminIntelligenceSales","AGENCY","admin_only","pages.config.js","nta-core-adminhub","PLANNED"
"/AdminKnowledge","AdminKnowledge","AGENCY","admin_only","pages.config.js","nta-core-adminhub","PLANNED"
"/AdminKnowledgeIntelligence","AdminKnowledgeIntelligence","AGENCY","admin_only","pages.config.js","nta-core-adminhub","PLANNED"
"/AdminKnowledgeTraining","AdminKnowledgeTraining","AGENCY","admin_only","pages.config.js","nta-core-adminhub","PLANNED"
"/AdminKnowledgeWorkflows","AdminKnowledgeWorkflows","AGENCY","admin_only","pages.config.js","nta-core-adminhub","PLANNED"
"/AdminLiveOrchestration","AdminLiveOrchestration","AGENCY","admin_only","pages.config.js","nta-core-adminhub","PLANNED"
"/AdminLocationPerformance","AdminLocationPerformance","AGENCY","admin_only","pages.config.js","nta-core-adminhub","PLANNED"
"/AdminMetaSetup","AdminMetaSetup","AGENCY","admin_only","pages.config.js","nta-core-adminhub","PLANNED"
"/AdminNavigation","AdminNavigation","AGENCY","admin_only","pages.config.js","nta-core-adminhub","PLANNED"
"/AdminNavigationAudit","AdminNavigationAudit","AGENCY","admin_only","pages.config.js","nta-core-adminhub","PLANNED"
"/AdminNavigationLayouts","AdminNavigationLayouts","AGENCY","admin_only","pages.config.js","nta-core-adminhub","PLANNED"
"/AdminNavigationNav","AdminNavigationNav","AGENCY","admin_only","pages.config.js","nta-core-adminhub","PLANNED"
"/AdminNavigationPages","AdminNavigationPages","AGENCY","admin_only","pages.config.js","nta-core-adminhub","PLANNED"
"/AdminNavigationQA","AdminNavigationQA","AGENCY","admin_only","pages.config.js","nta-core-adminhub","PLANNED"
"/AdminNavigationRoutes","AdminNavigationRoutes","AGENCY","admin_only","pages.config.js","nta-core-adminhub","PLANNED"
"/AdminNTALaunchCampaign","AdminNTALaunchCampaign","AGENCY","admin_only","pages.config.js","nta-core-adminhub","PLANNED"
"/AdminOnboarding","AdminOnboarding","AGENCY","admin_only","pages.config.js","nta-core-adminhub","PLANNED"
"/AdminOnboardingDetail","AdminOnboardingDetail","AGENCY","admin_only","pages.config.js","nta-core-adminhub","PLANNED"
"/AdminOnboardingQueue","AdminOnboardingQueue","AGENCY","admin_only","pages.config.js","nta-core-adminhub","PLANNED"
"/AdminOperations","AdminOperations","AGENCY","admin_only","pages.config.js","nta-core-adminhub","PLANNED"
"/AdminOperationsCapacity","AdminOperationsCapacity","AGENCY","admin_only","pages.config.js","nta-core-adminhub","PLANNED"
"/AdminOperationsCompany","AdminOperationsCompany","AGENCY","admin_only","pages.config.js","nta-core-adminhub","PLANNED"
"/AdminOperationsEfficiency","AdminOperationsEfficiency","AGENCY","admin_only","pages.config.js","nta-core-adminhub","PLANNED"
"/AdminOperationsSLA","AdminOperationsSLA","AGENCY","admin_only","pages.config.js","nta-core-adminhub","PLANNED"
"/AdminOptimization","AdminOptimization","AGENCY","admin_only","pages.config.js","nta-core-adminhub","PLANNED"
"/AdminOptimizationCandidates","AdminOptimizationCandidates","AGENCY","admin_only","pages.config.js","nta-core-adminhub","PLANNED"
"/AdminOptimizationExperiments","AdminOptimizationExperiments","AGENCY","admin_only","pages.config.js","nta-core-adminhub","PLANNED"
"/AdminOptimizationOutcomes","AdminOptimizationOutcomes","AGENCY","admin_only","pages.config.js","nta-core-adminhub","PLANNED"
"/AdminOptimizationPolicies","AdminOptimizationPolicies","AGENCY","admin_only","pages.config.js","nta-core-adminhub","PLANNED"
"/AdminOptimizer","AdminOptimizer","AGENCY","admin_only","pages.config.js","nta-core-adminhub","PLANNED"
"/AdminOptimizerDetail","AdminOptimizerDetail","AGENCY","admin_only","pages.config.js","nta-core-adminhub","PLANNED"
"/AdminOrchestrator","AdminOrchestrator","AGENCY","admin_only","pages.config.js","nta-core-adminhub","PLANNED"
"/AdminOrchestratorDetail","AdminOrchestratorDetail","AGENCY","admin_only","pages.config.js","nta-core-adminhub","PLANNED"
"/AdminPageRegistry","AdminPageRegistry","AGENCY","admin_only","pages.config.js","nta-core-adminhub","PLANNED"
"/AdminPlatform","AdminPlatform","AGENCY","admin_only","pages.config.js","nta-core-adminhub","PLANNED"
"/AdminPlatformQA","AdminPlatformQA","AGENCY","admin_only","pages.config.js","nta-core-adminhub","PLANNED"
"/AdminPricingExperiments","AdminPricingExperiments","AGENCY","admin_only","pages.config.js","nta-core-adminhub","PLANNED"
"/AdminPricingIntelligence","AdminPricingIntelligence","AGENCY","admin_only","pages.config.js","nta-core-adminhub","PLANNED"
"/AdminPricingPackaging","AdminPricingPackaging","AGENCY","admin_only","pages.config.js","nta-core-adminhub","PLANNED"
"/AdminPricingRecommendations","AdminPricingRecommendations","AGENCY","admin_only","pages.config.js","nta-core-adminhub","PLANNED"
"/AdminProductionStability","AdminProductionStability","AGENCY","admin_only","pages.config.js","nta-core-adminhub","PLANNED"
"/AdminProjectsList","AdminProjectsList","AGENCY","admin_only","pages.config.js","nta-core-adminhub","PLANNED"
"/AdminProjectWorkspace","AdminProjectWorkspace","AGENCY","admin_only","pages.config.js","nta-core-adminhub","PLANNED"
"/AdminProposalGenerator","AdminProposalGenerator","AGENCY","admin_only","pages.config.js","nta-core-adminhub","PLANNED"
"/AdminQA","AdminQA","AGENCY","admin_only","pages.config.js","nta-core-adminhub","PLANNED"
"/AdminQAIssues","AdminQAIssues","AGENCY","admin_only","pages.config.js","nta-core-adminhub","PLANNED"
"/AdminQAReadiness","AdminQAReadiness","AGENCY","admin_only","pages.config.js","nta-core-adminhub","PLANNED"
"/AdminQARuns","AdminQARuns","AGENCY","admin_only","pages.config.js","nta-core-adminhub","PLANNED"
"/AdminQATests","AdminQATests","AGENCY","admin_only","pages.config.js","nta-core-adminhub","PLANNED"
"/AdminRecommendationDetail","AdminRecommendationDetail","AGENCY","admin_only","pages.config.js","nta-core-adminhub","PLANNED"
"/AdminRecommendations","AdminRecommendations","AGENCY","admin_only","pages.config.js","nta-core-adminhub","PLANNED"
"/AdminReferrals","AdminReferrals","AGENCY","admin_only","pages.config.js","nta-core-adminhub","PLANNED"
"/AdminReports","AdminReports","AGENCY","admin_only","pages.config.js","nta-core-adminhub","PLANNED"
"/AdminResellerClients","AdminResellerClients","AGENCY","admin_only","pages.config.js","nta-core-adminhub","PLANNED"
"/AdminResellerCommissions","AdminResellerCommissions","AGENCY","admin_only","pages.config.js","nta-core-adminhub","PLANNED"
"/AdminResellerRevenue","AdminResellerRevenue","AGENCY","admin_only","pages.config.js","nta-core-adminhub","PLANNED"
"/AdminResellers","AdminResellers","AGENCY","admin_only","pages.config.js","nta-core-adminhub","PLANNED"
"/AdminRetentionDashboard","AdminRetentionDashboard","AGENCY","admin_only","pages.config.js","nta-core-adminhub","PLANNED"
"/AdminRevenueDetail","AdminRevenueDetail","AGENCY","admin_only","pages.config.js","nta-core-adminhub","PLANNED"
"/AdminRevenueEngine","AdminRevenueEngine","AGENCY","admin_only","pages.config.js","nta-core-adminhub","PLANNED"
"/AdminROIExpansion","AdminROIExpansion","AGENCY","admin_only","pages.config.js","nta-core-adminhub","PLANNED"
"/AdminSales","AdminSales","AGENCY","admin_only","pages.config.js","nta-core-adminhub","PLANNED"
"/AdminSalesAssets","AdminSalesAssets","AGENCY","admin_only","pages.config.js","nta-core-adminhub","PLANNED"
"/AdminSalesCommand","AdminSalesCommand","AGENCY","admin_only","pages.config.js","nta-core-adminhub","PLANNED"
"/AdminSalesDashboard","AdminSalesDashboard","AGENCY","admin_only","pages.config.js","nta-core-adminhub","PLANNED"
"/AdminSalesFollowups","AdminSalesFollowups","AGENCY","admin_only","pages.config.js","nta-core-adminhub","PLANNED"
"/AdminSalesPrompts","AdminSalesPrompts","AGENCY","admin_only","pages.config.js","nta-core-adminhub","PLANNED"
"/AdminSalesProspect","AdminSalesProspect","AGENCY","admin_only","pages.config.js","nta-core-adminhub","PLANNED"
"/AdminSchoolAIContentReview","AdminSchoolAIContentReview","AGENCY","admin_only","pages.config.js","nta-core-adminhub","PLANNED"
"/AdminSchoolAIDashboard","AdminSchoolAIDashboard","AGENCY","admin_only","pages.config.js","nta-core-adminhub","PLANNED"
"/AdminSchoolAILab","AdminSchoolAILab","AGENCY","admin_only","pages.config.js","nta-core-adminhub","PLANNED"
"/AdminSchoolAnalytics","AdminSchoolAnalytics","AGENCY","admin_only","pages.config.js","nta-core-adminhub","PLANNED"
"/AdminSchoolBranding","AdminSchoolBranding","AGENCY","admin_only","pages.config.js","nta-core-adminhub","PLANNED"
"/AdminSchoolDashboard","AdminSchoolDashboard","AGENCY","admin_only","pages.config.js","nta-core-adminhub","PLANNED"
"/AdminSchoolEventDetail","AdminSchoolEventDetail","AGENCY","admin_only","pages.config.js","nta-core-adminhub","PLANNED"
"/AdminSchoolEvents","AdminSchoolEvents","AGENCY","admin_only","pages.config.js","nta-core-adminhub","PLANNED"
"/AdminSchoolLeadDetail","AdminSchoolLeadDetail","AGENCY","admin_only","pages.config.js","nta-core-adminhub","PLANNED"
"/AdminSchoolLeads","AdminSchoolLeads","AGENCY","admin_only","pages.config.js","nta-core-adminhub","PLANNED"
"/AdminSchoolLibrary","AdminSchoolLibrary","AGENCY","admin_only","pages.config.js","nta-core-adminhub","PLANNED"
"/AdminSchoolModeration","AdminSchoolModeration","AGENCY","admin_only","pages.config.js","nta-core-adminhub","PLANNED"
"/AdminSchoolOutreach","AdminSchoolOutreach","AGENCY","admin_only","pages.config.js","nta-core-adminhub","PLANNED"
"/AdminSchoolPipeline","AdminSchoolPipeline","AGENCY","admin_only","pages.config.js","nta-core-adminhub","PLANNED"
"/AdminSchoolProjectDetail","AdminSchoolProjectDetail","AGENCY","admin_only","pages.config.js","nta-core-adminhub","PLANNED"
"/AdminSchoolProjects","AdminSchoolProjects","AGENCY","admin_only","pages.config.js","nta-core-adminhub","PLANNED"
"/AdminSchoolRenderQueue","AdminSchoolRenderQueue","AGENCY","admin_only","pages.config.js","nta-core-adminhub","PLANNED"
"/AdminSchoolRoles","AdminSchoolRoles","AGENCY","admin_only","pages.config.js","nta-core-adminhub","PLANNED"
"/AdminSchoolSettings","AdminSchoolSettings","AGENCY","admin_only","pages.config.js","nta-core-adminhub","PLANNED"
"/AdminSchoolSettingsPermissions","AdminSchoolSettingsPermissions","AGENCY","admin_only","pages.config.js","nta-core-adminhub","PLANNED"
"/AdminSchoolSettingsPublishing","AdminSchoolSettingsPublishing","AGENCY","admin_only","pages.config.js","nta-core-adminhub","PLANNED"
"/AdminSchoolSpotlightDetail","AdminSchoolSpotlightDetail","AGENCY","admin_only","pages.config.js","nta-core-adminhub","PLANNED"
"/AdminSchoolSpotlights","AdminSchoolSpotlights","AGENCY","admin_only","pages.config.js","nta-core-adminhub","PLANNED"
"/AdminSchoolStoryLibrary","AdminSchoolStoryLibrary","AGENCY","admin_only","pages.config.js","nta-core-adminhub","PLANNED"
"/AdminSchoolStudentUploads","AdminSchoolStudentUploads","AGENCY","admin_only","pages.config.js","nta-core-adminhub","PLANNED"
"/AdminSchoolStudentUsers","AdminSchoolStudentUsers","AGENCY","admin_only","pages.config.js","nta-core-adminhub","PLANNED"
"/AdminSchoolSubmissions","AdminSchoolSubmissions","AGENCY","admin_only","pages.config.js","nta-core-adminhub","PLANNED"
"/AdminSchoolUsers","AdminSchoolUsers","AGENCY","admin_only","pages.config.js","nta-core-adminhub","PLANNED"
"/AdminSchoolVideoLibrary","AdminSchoolVideoLibrary","AGENCY","admin_only","pages.config.js","nta-core-adminhub","PLANNED"
"/AdminSchoolYearbook","AdminSchoolYearbook","AGENCY","admin_only","pages.config.js","nta-core-adminhub","PLANNED"
"/AdminSettings","AdminSettings","AGENCY","admin_only","pages.config.js","nta-core-adminhub","PLANNED"
"/AdminStoryDetail","AdminStoryDetail","AGENCY","admin_only","pages.config.js","nta-core-adminhub","PLANNED"
"/AdminStoryLibrary","AdminStoryLibrary","AGENCY","admin_only","pages.config.js","nta-core-adminhub","PLANNED"
"/AdminSubmissionDetail","AdminSubmissionDetail","AGENCY","admin_only","pages.config.js","nta-core-adminhub","PLANNED"
"/AdminSubmissionsList","AdminSubmissionsList","AGENCY","admin_only","pages.config.js","nta-core-adminhub","PLANNED"
"/AdminSystemHealth","AdminSystemHealth","AGENCY","admin_only","pages.config.js","nta-core-adminhub","PLANNED"
"/AdminTasks","AdminTasks","AGENCY","admin_only","pages.config.js","nta-core-adminhub","PLANNED"
"/AdminTenantGovernance","AdminTenantGovernance","AGENCY","admin_only","pages.config.js","nta-core-adminhub","PLANNED"
"/AdminTestMatrix","AdminTestMatrix","AGENCY","admin_only","pages.config.js","nta-core-adminhub","PLANNED"
"/AdminUsers","AdminUsers","AGENCY","admin_only","pages.config.js","nta-core-adminhub","PLANNED"
"/AdminVerticalCampaigns","AdminVerticalCampaigns","AGENCY","admin_only","pages.config.js","nta-core-adminhub","PLANNED"
"/AdminVerticalExpansion","AdminVerticalExpansion","AGENCY","admin_only","pages.config.js","nta-core-adminhub","PLANNED"
"/AdminVerticalIntelligence","AdminVerticalIntelligence","AGENCY","admin_only","pages.config.js","nta-core-adminhub","PLANNED"
"/AdminVerticalRevenue","AdminVerticalRevenue","AGENCY","admin_only","pages.config.js","nta-core-adminhub","PLANNED"
"/AdminVideoDetail","AdminVideoDetail","AGENCY","admin_only","pages.config.js","nta-core-adminhub","PLANNED"
"/AdminVideoEngine","AdminVideoEngine","AGENCY","admin_only","pages.config.js","nta-core-adminhub","PLANNED"
"/AdminVideoEngineAnalytics","AdminVideoEngineAnalytics","AGENCY","admin_only","pages.config.js","nta-core-adminhub","PLANNED"
"/AdminVideoEngineApprovals","AdminVideoEngineApprovals","AGENCY","admin_only","pages.config.js","nta-core-adminhub","PLANNED"
"/AdminVideoEngineBrands","AdminVideoEngineBrands","AGENCY","admin_only","pages.config.js","nta-core-adminhub","PLANNED"
"/AdminVideoEngineRenders","AdminVideoEngineRenders","AGENCY","admin_only","pages.config.js","nta-core-adminhub","PLANNED"
"/AdminVideoEngineRequest","AdminVideoEngineRequest","AGENCY","admin_only","pages.config.js","nta-core-adminhub","PLANNED"
"/AdminVideoEngineRequests","AdminVideoEngineRequests","AGENCY","admin_only","pages.config.js","nta-core-adminhub","PLANNED"
"/AdminVideoEngineTemplates","AdminVideoEngineTemplates","AGENCY","admin_only","pages.config.js","nta-core-adminhub","PLANNED"
"/AdminVideoGenerator","AdminVideoGenerator","AGENCY","admin_only","pages.config.js","nta-core-adminhub","PLANNED"
"/AdminVideoLibrary","AdminVideoLibrary","AGENCY","admin_only","pages.config.js","nta-core-adminhub","PLANNED"
"/AdminVideoPublishing","AdminVideoPublishing","AGENCY","admin_only","pages.config.js","nta-core-adminhub","PLANNED"
"/AdminVideoQueue","AdminVideoQueue","AGENCY","admin_only","pages.config.js","nta-core-adminhub","PLANNED"
"/AdminVideoRenderDetail","AdminVideoRenderDetail","AGENCY","admin_only","pages.config.js","nta-core-adminhub","PLANNED"
"/AdminVideoRenderQueue","AdminVideoRenderQueue","AGENCY","admin_only","pages.config.js","nta-core-adminhub","PLANNED"
"/AdminVideos","AdminVideos","AGENCY","admin_only","pages.config.js","nta-core-adminhub","PLANNED"
"/AdminWorkflows","AdminWorkflows","AGENCY","admin_only","pages.config.js","nta-core-adminhub","PLANNED"
"/AdminYearbookLibrary","AdminYearbookLibrary","AGENCY","admin_only","pages.config.js","nta-core-adminhub","PLANNED"
"/AdminYearbookOverview","AdminYearbookOverview","AGENCY","admin_only","pages.config.js","nta-core-adminhub","PLANNED"
"/AdminYearbookPage","AdminYearbookPage","AGENCY","admin_only","pages.config.js","nta-core-adminhub","PLANNED"
"/AdminYearbookSeason","AdminYearbookSeason","AGENCY","admin_only","pages.config.js","nta-core-adminhub","PLANNED"
"/AdminYouTubeSetup","AdminYouTubeSetup","AGENCY","admin_only","pages.config.js","nta-core-adminhub","PLANNED"
"/agency","AgencyClientDetail","AGENCY","admin_only","App.jsx","nta-core-adminhub","PLANNED"
"/agency/ai-gap-scanner","AiGapScanner","AGENCY","admin_only","App.jsx","nta-core-adminhub","PLANNED"
"/agency/approval-center","AgencyApprovalCenter","AGENCY","admin_only","App.jsx","nta-core-adminhub","PLANNED"
"/agency/approvals","AgencyApprovals","AGENCY","admin_only","App.jsx","nta-core-adminhub","PLANNED"
"/agency/campaign-performance","AgencyCampaignPerformance","AGENCY","admin_only","App.jsx","nta-core-adminhub","PLANNED"
"/agency/campaigns","AgencyCampaigns","AGENCY","admin_only","App.jsx","nta-core-adminhub","PLANNED"
"/agency/channel-connections","ChannelConnections","AGENCY","admin_only","App.jsx","nta-core-adminhub","PLANNED"
"/agency/channel-setup","ClientChannelSetup","AGENCY","admin_only","App.jsx","nta-core-adminhub","PLANNED"
"/agency/clients","AgencyClientDetail","AGENCY","admin_only","App.jsx","nta-core-adminhub","PLANNED"
"/agency/clients/:id","AgencyClientDetail","AGENCY","admin_only","App.jsx","nta-core-adminhub","PLANNED"
"/agency/clients/:id/cms","LeadPipelineKanban","AGENCY","admin_only","App.jsx","nta-core-adminhub","PLANNED"
"/agency/clients/:id/setup","AgencyClientDetail","AGENCY","admin_only","App.jsx","nta-core-adminhub","PLANNED"
"/agency/content","LeadPipelineKanban","AGENCY","admin_only","App.jsx","nta-core-adminhub","PLANNED"
"/agency/content-asset","AgencyContentAssets","AGENCY","admin_only","App.jsx","nta-core-adminhub","PLANNED"
"/agency/content-library","ContentLibrary","AGENCY","admin_only","App.jsx","nta-core-adminhub","PLANNED"
"/agency/content-queue","AgencyContentQueue","AGENCY","admin_only","App.jsx","nta-core-adminhub","PLANNED"
"/agency/content-wizard","ChannelConnections","AGENCY","admin_only","App.jsx","nta-core-adminhub","PLANNED"
"/agency/content-wizard/:id","ChannelConnections","AGENCY","admin_only","App.jsx","nta-core-adminhub","PLANNED"
"/agency/gap-audits","AgencyGapAudits","AGENCY","admin_only","App.jsx","nta-core-adminhub","PLANNED"
"/agency/gap-audits/:id","Route","AGENCY","admin_only","App.jsx","nta-core-adminhub","PLANNED"
"/agency/growth-discoveries","AgencyClientDetail","AGENCY","admin_only","App.jsx","nta-core-adminhub","PLANNED"
"/agency/insight-pages","AgencyInsightPages","AGENCY","admin_only","App.jsx","nta-core-adminhub","PLANNED"
"/agency/lead-wizard","ChannelConnections","AGENCY","admin_only","App.jsx","nta-core-adminhub","PLANNED"
"/agency/lead-wizard/:id","ChannelConnections","AGENCY","admin_only","App.jsx","nta-core-adminhub","PLANNED"
"/agency/leads","LeadPipelineKanban","AGENCY","admin_only","App.jsx","nta-core-adminhub","PLANNED"
"/agency/leads/:id","LeadDetailPage","AGENCY","admin_only","App.jsx","nta-core-adminhub","PLANNED"
"/agency/leads/pipeline","LeadPipelineKanban","AGENCY","admin_only","App.jsx","nta-core-adminhub","PLANNED"
"/agency/pipeline","LeadPipelineKanban","AGENCY","admin_only","App.jsx","nta-core-adminhub","PLANNED"
"/agency/portal-manager","AgencyPortalManager","AGENCY","admin_only","App.jsx","nta-core-adminhub","PLANNED"
"/agency/publishing-calendar","AgencyPublishingCalendar","AGENCY","admin_only","App.jsx","nta-core-adminhub","PLANNED"
"/agency/publishing-ops","PublishingOps","AGENCY","admin_only","App.jsx","nta-core-adminhub","PLANNED"
"/agency/publishing-queue","PublishingQueuePage","AGENCY","admin_only","App.jsx","nta-core-adminhub","PLANNED"
"/agency/social-queue","AgencySocialQueue","AGENCY","admin_only","App.jsx","nta-core-adminhub","PLANNED"
"/agency/spoke-campaigns","AgencySpokeCampaigns","AGENCY","admin_only","App.jsx","nta-core-adminhub","PLANNED"
"/agency/spoke-campaigns/:id","SpokeCampaignDetail","AGENCY","admin_only","App.jsx","nta-core-adminhub","PLANNED"
"/agency/video-engine","VideoEngineList","AGENCY","admin_only","App.jsx","nta-core-adminhub","PLANNED"
"/agency/video-engine/:id","VideoEngineDetail","AGENCY","admin_only","App.jsx","nta-core-adminhub","PLANNED"
"/agency/video-queue","AgencyVideoQueue","AGENCY","admin_only","App.jsx","nta-core-adminhub","PLANNED"
"/agency/websites","LeadPipelineKanban","AGENCY","admin_only","App.jsx","nta-core-adminhub","PLANNED"
"/AgentArchitecture","AgentArchitecture","AGENCY","admin_only","pages.config.js","nta-core-adminhub","PLANNED"
"/AiOperations","AiOperations","AGENCY","admin_only","pages.config.js","nta-core-adminhub","PLANNED"
"/AIWorkforce","AIWorkforce","AGENCY","admin_only","pages.config.js","nta-core-adminhub","PLANNED"
"/BusinessIntelProfileAdmin","BusinessIntelProfileAdmin","AGENCY","admin_only","pages.config.js","nta-core-adminhub","PLANNED"
"/BusinessProfileAdmin","BusinessProfileAdmin","AGENCY","admin_only","pages.config.js","nta-core-adminhub","PLANNED"
"/ChatbotManagement","ChatbotManagement","AGENCY","admin_only","pages.config.js","nta-core-adminhub","PLANNED"
"/ChatWidget","ChatWidget","AGENCY","admin_only","pages.config.js","nta-core-adminhub","PLANNED"
"/content-center","Route","AGENCY","admin_only","App.jsx","nta-core-adminhub","PLANNED"
"/content-command","Route","AGENCY","admin_only","App.jsx","nta-core-adminhub","PLANNED"
"/ContentDrafts","ContentDrafts","AGENCY","admin_only","pages.config.js","nta-core-adminhub","PLANNED"
"/ContentEngine","ContentEngine","AGENCY","admin_only","pages.config.js","nta-core-adminhub","PLANNED"
"/ContentQueue","ContentQueue","AGENCY","admin_only","pages.config.js","nta-core-adminhub","PLANNED"
"/ContentStudio","ContentStudio","AGENCY","admin_only","pages.config.js","nta-core-adminhub","PLANNED"
"/CRMHub","CRMHub","AGENCY","admin_only","pages.config.js","nta-core-adminhub","PLANNED"
"/dashboard","Route","AGENCY","admin_only","App.jsx","nta-core-adminhub","PLANNED"
"/Dashboard","Dashboard","AGENCY","admin_only","pages.config.js","nta-core-adminhub","PLANNED"
"/dashboard/archived","Route","AGENCY","admin_only","App.jsx","nta-core-adminhub","PLANNED"
"/dashboard/leads","Route","AGENCY","admin_only","App.jsx","nta-core-adminhub","PLANNED"
"/executive-dashboard","PartnerPortal","AGENCY","admin_only","App.jsx","nta-core-adminhub","PLANNED"
"/FounderScorecard","FounderScorecard","AGENCY","admin_only","pages.config.js","nta-core-adminhub","PLANNED"
"/GlobalSettings","GlobalSettings","AGENCY","admin_only","pages.config.js","nta-core-adminhub","PLANNED"
"/IndustryIntelAdmin","IndustryIntelAdmin","AGENCY","admin_only","pages.config.js","nta-core-adminhub","PLANNED"
"/IntelAdmin","IntelAdmin","AGENCY","admin_only","pages.config.js","nta-core-adminhub","PLANNED"
"/LeadDetail","LeadDetail","AGENCY","admin_only","pages.config.js","nta-core-adminhub","PLANNED"
"/LeadsDashboard","LeadsDashboard","AGENCY","admin_only","pages.config.js","nta-core-adminhub","PLANNED"
"/LocalMarketIntelAdmin","LocalMarketIntelAdmin","AGENCY","admin_only","pages.config.js","nta-core-adminhub","PLANNED"
"/LocationPageAdmin","LocationPageAdmin","AGENCY","admin_only","pages.config.js","nta-core-adminhub","PLANNED"
"/MarketingPlanGenerator","MarketingPlanGenerator","AGENCY","admin_only","pages.config.js","nta-core-adminhub","PLANNED"
"/MetaConnect","MetaConnect","AGENCY","admin_only","pages.config.js","nta-core-adminhub","PLANNED"
"/nta","NTASalesFollowUp","AGENCY","admin_only","App.jsx","nta-core-adminhub","PLANNED"
"/nta/acquisition-command","NTAAcquisitionCommand","AGENCY","admin_only","App.jsx","nta-core-adminhub","PLANNED"
"/nta/activity","NTAActivityLog","AGENCY","admin_only","App.jsx","nta-core-adminhub","PLANNED"
"/nta/ai-workforce","NTAAIWorkforceOrchestrator","AGENCY","admin_only","App.jsx","nta-core-adminhub","PLANNED"
"/nta/automation-command","AutomationCommandCenter","AGENCY","admin_only","App.jsx","nta-core-adminhub","PLANNED"
"/nta/campaigns","NTACampaigns","AGENCY","admin_only","App.jsx","nta-core-adminhub","PLANNED"
"/nta/channels","NTAChannelHub","AGENCY","admin_only","App.jsx","nta-core-adminhub","PLANNED"
"/nta/clients","NTAClients","AGENCY","admin_only","App.jsx","nta-core-adminhub","PLANNED"
"/nta/command-center","NTACommandCenter","AGENCY","admin_only","App.jsx","nta-core-adminhub","PLANNED"
"/nta/companies","NTACompanies","AGENCY","admin_only","App.jsx","nta-core-adminhub","PLANNED"
"/nta/companies/:id","NTACompanyDetail","AGENCY","admin_only","App.jsx","nta-core-adminhub","PLANNED"
"/nta/content-dashboard","Route","AGENCY","admin_only","App.jsx","nta-core-adminhub","PLANNED"
"/nta/data-hub","NTADataHub","AGENCY","admin_only","App.jsx","nta-core-adminhub","PLANNED"
"/nta/deal-room/:prospectId","NTADealRoom","AGENCY","admin_only","App.jsx","nta-core-adminhub","PLANNED"
"/nta/migration","NTAMigration","AGENCY","admin_only","App.jsx","nta-core-adminhub","PLANNED"
"/nta/onboarding","NTAOnboardingCenter","AGENCY","admin_only","App.jsx","nta-core-adminhub","PLANNED"
"/nta/operator-command","NTAOperatorCommand","AGENCY","admin_only","App.jsx","nta-core-adminhub","PLANNED"
"/nta/opportunities","NTAOpportunities","AGENCY","admin_only","App.jsx","nta-core-adminhub","PLANNED"
"/nta/pricing-stack","NTAPricingStack","AGENCY","admin_only","App.jsx","nta-core-adminhub","PLANNED"
"/nta/projects","NTAProjects","AGENCY","admin_only","App.jsx","nta-core-adminhub","PLANNED"
"/nta/reseller-command","NTAResellerCommand","AGENCY","admin_only","App.jsx","nta-core-adminhub","PLANNED"
"/nta/sales-followup","NTASalesFollowUp","AGENCY","admin_only","App.jsx","nta-core-adminhub","PLANNED"
"/nta/submissions","NTASubmissions","AGENCY","admin_only","App.jsx","nta-core-adminhub","PLANNED"
"/nta/system-health","NTASystemHealth","AGENCY","admin_only","App.jsx","nta-core-adminhub","PLANNED"
"/nta/tasks","NTATasks","AGENCY","admin_only","App.jsx","nta-core-adminhub","PLANNED"
"/NTAAcquisitionCommand","NTAAcquisitionCommand","AGENCY","admin_only","pages.config.js","nta-core-adminhub","PLANNED"
"/NTAAIWorkforceOrchestrator","NTAAIWorkforceOrchestrator","AGENCY","admin_only","pages.config.js","nta-core-adminhub","PLANNED"
"/NTAChannelHub","NTAChannelHub","AGENCY","admin_only","pages.config.js","nta-core-adminhub","PLANNED"
"/NTADealRoom","NTADealRoom","AGENCY","admin_only","pages.config.js","nta-core-adminhub","PLANNED"
"/NTADemoFunnel","NTADemoFunnel","AGENCY","admin_only","pages.config.js","nta-core-adminhub","PLANNED"
"/NTADemoMachine","NTADemoMachine","AGENCY","admin_only","pages.config.js","nta-core-adminhub","PLANNED"
"/NTAHomepage","NTAHomepage","AGENCY","admin_only","pages.config.js","nta-core-adminhub","PLANNED"
"/NTAOnboardingCenter","NTAOnboardingCenter","AGENCY","admin_only","pages.config.js","nta-core-adminhub","PLANNED"
"/NTAOperatorCommand","NTAOperatorCommand","AGENCY","admin_only","pages.config.js","nta-core-adminhub","PLANNED"
"/NTAPricingLadderPage","NTAPricingLadderPage","AGENCY","admin_only","pages.config.js","nta-core-adminhub","PLANNED"
"/NTAPricingStack","NTAPricingStack","AGENCY","admin_only","pages.config.js","nta-core-adminhub","PLANNED"
"/NTAResellerCommand","NTAResellerCommand","AGENCY","admin_only","pages.config.js","nta-core-adminhub","PLANNED"
"/NTASalesFollowUp","NTASalesFollowUp","AGENCY","admin_only","pages.config.js","nta-core-adminhub","PLANNED"
"/NTASalesPipeline","NTASalesPipeline","AGENCY","admin_only","pages.config.js","nta-core-adminhub","PLANNED"
"/OperationsHub","OperationsHub","AGENCY","admin_only","pages.config.js","nta-core-adminhub","PLANNED"
"/OpportunitySignalAdmin","OpportunitySignalAdmin","AGENCY","admin_only","pages.config.js","nta-core-adminhub","PLANNED"
"/ops","Route","AGENCY","ops_only","App.jsx","nta-core-adminhub","PLANNED"
"/ops/agreements","LearningCenter","AGENCY","ops_only","App.jsx","nta-core-adminhub","PLANNED"
"/ops/ai-monitor","Route","AGENCY","ops_only","App.jsx","nta-core-adminhub","PLANNED"
"/ops/approvals","Route","AGENCY","ops_only","App.jsx","nta-core-adminhub","PLANNED"
"/ops/audits","Route","AGENCY","ops_only","App.jsx","nta-core-adminhub","PLANNED"
"/ops/campaigns","Route","AGENCY","ops_only","App.jsx","nta-core-adminhub","PLANNED"
"/ops/campaigns/:id","Route","AGENCY","ops_only","App.jsx","nta-core-adminhub","PLANNED"
"/ops/clients","Route","AGENCY","ops_only","App.jsx","nta-core-adminhub","PLANNED"
"/ops/content","Route","AGENCY","ops_only","App.jsx","nta-core-adminhub","PLANNED"
"/ops/documents","LearningCenter","AGENCY","ops_only","App.jsx","nta-core-adminhub","PLANNED"
"/ops/followups","LearningCenter","AGENCY","ops_only","App.jsx","nta-core-adminhub","PLANNED"
"/ops/leads","Route","AGENCY","ops_only","App.jsx","nta-core-adminhub","PLANNED"
"/ops/onboarding","Route","AGENCY","ops_only","App.jsx","nta-core-adminhub","PLANNED"
"/ops/prospects","Route","AGENCY","ops_only","App.jsx","nta-core-adminhub","PLANNED"
"/ops/reports","LearningCenter","AGENCY","ops_only","App.jsx","nta-core-adminhub","PLANNED"
"/ops/seo-pages","Route","AGENCY","ops_only","App.jsx","nta-core-adminhub","PLANNED"
"/ops/social","Route","AGENCY","ops_only","App.jsx","nta-core-adminhub","PLANNED"
"/ops/videos","Route","AGENCY","ops_only","App.jsx","nta-core-adminhub","PLANNED"
"/PerformanceSignalAdmin","PerformanceSignalAdmin","AGENCY","admin_only","pages.config.js","nta-core-adminhub","PLANNED"
"/ProgrammaticSEODashboard","ProgrammaticSEODashboard","AGENCY","admin_only","pages.config.js","nta-core-adminhub","PLANNED"
"/Proposal","Proposal","AGENCY","admin_only","pages.config.js","nta-core-adminhub","PLANNED"
"/ProposalBuilder","ProposalBuilder","AGENCY","admin_only","pages.config.js","nta-core-adminhub","PLANNED"
"/ProposalDetail","ProposalDetail","AGENCY","admin_only","pages.config.js","nta-core-adminhub","PLANNED"
"/ProposalPipeline","ProposalPipeline","AGENCY","admin_only","pages.config.js","nta-core-adminhub","PLANNED"
"/ProposalPreview","ProposalPreview","AGENCY","admin_only","pages.config.js","nta-core-adminhub","PLANNED"
"/ProposalsList","ProposalsList","AGENCY","admin_only","pages.config.js","nta-core-adminhub","PLANNED"
"/sales/command-center","SalesCommandCenter","AGENCY","admin_only","App.jsx","nta-core-adminhub","PLANNED"
"/SalesCommandCenter","SalesCommandCenter","AGENCY","admin_only","pages.config.js","nta-core-adminhub","PLANNED"
"/SalesDashboard","SalesDashboard","AGENCY","admin_only","pages.config.js","nta-core-adminhub","PLANNED"
"/SalesLeads","SalesLeads","AGENCY","admin_only","pages.config.js","nta-core-adminhub","PLANNED"
"/SalesPipeline","SalesPipeline","AGENCY","admin_only","pages.config.js","nta-core-adminhub","PLANNED"
"/SalesRoom","SalesRoom","AGENCY","admin_only","pages.config.js","nta-core-adminhub","PLANNED"
"/ScheduledQueue","ScheduledQueue","AGENCY","admin_only","pages.config.js","nta-core-adminhub","PLANNED"
"/SocialAccounts","SocialAccounts","AGENCY","admin_only","pages.config.js","nta-core-adminhub","PLANNED"
"/WebsiteVideoManager","WebsiteVideoManager","AGENCY","admin_only","pages.config.js","nta-core-adminhub","PLANNED"
"/WeeklyPlanAdmin","WeeklyPlanAdmin","AGENCY","admin_only","pages.config.js","nta-core-adminhub","PLANNED"
"/WorkflowMap","WorkflowMap","AGENCY","admin_only","pages.config.js","nta-core-adminhub","PLANNED"
"/YouTubeUploadTest","YouTubeUploadTest","AGENCY","admin_only","pages.config.js","nta-core-adminhub","PLANNED"
"/billing","BillingCenter","AUTH","auth_required","App.jsx","nta-core-adminhub","PLANNED"
"/business-profile","BusinessProfile","AUTH","auth_required","App.jsx","nta-core-adminhub","PLANNED"
"/ContributorAILab","ContributorAILab","AUTH","auth_required","pages.config.js","nta-core-adminhub","PLANNED"
"/ContributorHub","ContributorHub","AUTH","auth_required","pages.config.js","nta-core-adminhub","PLANNED"
"/ContributorSubmissions","ContributorSubmissions","AUTH","auth_required","pages.config.js","nta-core-adminhub","PLANNED"
"/DebugOAuthConnections","DebugOAuthConnections","AUTH","admin_only","pages.config.js","nta-core-adminhub","PLANNED"
"/Login","Login","AUTH","public","App.jsx","nta-core-adminhub","PLANNED"
"/my-growth-journey","MyGrowthJourney","AUTH","auth_required","App.jsx","nta-core-adminhub","PLANNED"
"/OauthCallback","OauthCallback","AUTH","noindex","pages.config.js","nta-core-adminhub","PLANNED"
"/onboarding","ClientOnboardingCenter","AUTH","auth_required","App.jsx","nta-core-adminhub","PLANNED"
"/partner-portal","PartnerPortal","AUTH","auth_required","App.jsx","nta-core-adminhub","PLANNED"
"/partner-quick-start","PartnerQuickStart","AUTH","auth_required","App.jsx","nta-core-adminhub","PLANNED"
"/progress","ProgressCenter","AUTH","auth_required","App.jsx","nta-core-adminhub","PLANNED"
"/reseller/dashboard","ResellerDashboard","AUTH","auth_required","App.jsx","nta-core-adminhub","PLANNED"
"/ResellerBranding","ResellerBranding","AUTH","auth_required","pages.config.js","nta-core-adminhub","PLANNED"
"/ResellerClients","ResellerClients","AUTH","auth_required","pages.config.js","nta-core-adminhub","PLANNED"
"/ResellerDashboard","ResellerDashboard","AUTH","auth_required","pages.config.js","nta-core-adminhub","PLANNED"
"/ResellerRevenue","ResellerRevenue","AUTH","auth_required","pages.config.js","nta-core-adminhub","PLANNED"
"/ResellerSettingsBranding","ResellerSettingsBranding","AUTH","auth_required","pages.config.js","nta-core-adminhub","PLANNED"
"/ResellerSignupLinks","ResellerSignupLinks","AUTH","auth_required","pages.config.js","nta-core-adminhub","PLANNED"
"/Settings","Settings","AUTH","auth_required","pages.config.js","nta-core-adminhub","PLANNED"
"/signup","SignupPage","AUTH","public","App.jsx","nta-core-adminhub","PLANNED"
"/signup","signup","AUTH","public","pages.config.js","nta-core-adminhub","PLANNED"
"/StudentAIStoryLab","StudentAIStoryLab","AUTH","auth_required","pages.config.js","nta-core-adminhub","PLANNED"
"/support","SupportCenter","AUTH","auth_required","App.jsx","nta-core-adminhub","PLANNED"
"/workspace","MyGrowthWorkspace","AUTH","auth_required","App.jsx","nta-core-adminhub","PLANNED"
"/client-dashboard","FreshBooksInvoicing","CLIENT","client_only","App.jsx","nta-core-adminhub","PLANNED"
"/client/approvals","ClientApprovals","CLIENT","client_only","App.jsx","nta-core-adminhub","PLANNED"
"/client/calendar","ClientCalendar","CLIENT","client_only","App.jsx","nta-core-adminhub","PLANNED"
"/client/campaigns","ClientCampaigns","CLIENT","client_only","App.jsx","nta-core-adminhub","PLANNED"
"/client/channels","ClientChannels","CLIENT","client_only","App.jsx","nta-core-adminhub","PLANNED"
"/client/dashboard","FreshBooksInvoicing","CLIENT","client_only","App.jsx","nta-core-adminhub","PLANNED"
"/client/diy-billing","DIYBillingSettings","CLIENT","client_only","App.jsx","nta-core-adminhub","PLANNED"
"/client/diy-dashboard","DIYDashboard","CLIENT","client_only","App.jsx","nta-core-adminhub","PLANNED"
"/client/diy-onboarding","DIYOnboarding","CLIENT","client_only","App.jsx","nta-core-adminhub","PLANNED"
"/client/growth-journey","ClientGrowthJourney","CLIENT","client_only","App.jsx","nta-core-adminhub","PLANNED"
"/client/locations","ClientLocations","CLIENT","client_only","App.jsx","nta-core-adminhub","PLANNED"
"/client/referral-status","ClientReferralStatus","CLIENT","client_only","App.jsx","nta-core-adminhub","PLANNED"
"/client/referrals","ClientReferrals","CLIENT","client_only","App.jsx","nta-core-adminhub","PLANNED"
"/client/results","ClientResults","CLIENT","client_only","App.jsx","nta-core-adminhub","PLANNED"
"/client/roi","ClientROI","CLIENT","client_only","App.jsx","nta-core-adminhub","PLANNED"
"/client/roi-reports","ClientROIReports","CLIENT","client_only","App.jsx","nta-core-adminhub","PLANNED"
"/client/roi-timeline","ClientROITimeline","CLIENT","client_only","App.jsx","nta-core-adminhub","PLANNED"
"/ClientApprovals","ClientApprovals","CLIENT","client_only","pages.config.js","nta-core-adminhub","PLANNED"
"/ClientBilling","ClientBilling","CLIENT","client_only","pages.config.js","nta-core-adminhub","PLANNED"
"/ClientCalendar","ClientCalendar","CLIENT","client_only","pages.config.js","nta-core-adminhub","PLANNED"
"/ClientCampaigns","ClientCampaigns","CLIENT","client_only","pages.config.js","nta-core-adminhub","PLANNED"
"/ClientChannels","ClientChannels","CLIENT","client_only","pages.config.js","nta-core-adminhub","PLANNED"
"/ClientCommerce","ClientCommerce","CLIENT","client_only","pages.config.js","nta-core-adminhub","PLANNED"
"/ClientContentProduction","ClientContentProduction","CLIENT","client_only","pages.config.js","nta-core-adminhub","PLANNED"
"/ClientDashboard","ClientDashboard","CLIENT","client_only","pages.config.js","nta-core-adminhub","PLANNED"
"/ClientDashboardDemo","ClientDashboardDemo","CLIENT","client_only","pages.config.js","nta-core-adminhub","PLANNED"
"/ClientFulfillment","ClientFulfillment","CLIENT","client_only","pages.config.js","nta-core-adminhub","PLANNED"
"/ClientGrowthJourney","ClientGrowthJourney","CLIENT","client_only","pages.config.js","nta-core-adminhub","PLANNED"
"/ClientLocations","ClientLocations","CLIENT","client_only","pages.config.js","nta-core-adminhub","PLANNED"
"/ClientMonthlyGrowthReport","ClientMonthlyGrowthReport","CLIENT","client_only","pages.config.js","nta-core-adminhub","PLANNED"
"/ClientOnboarding","ClientOnboarding","CLIENT","client_only","pages.config.js","nta-core-adminhub","PLANNED"
"/ClientReferrals","ClientReferrals","CLIENT","client_only","pages.config.js","nta-core-adminhub","PLANNED"
"/ClientReferralStatus","ClientReferralStatus","CLIENT","client_only","pages.config.js","nta-core-adminhub","PLANNED"
"/ClientReports","ClientReports","CLIENT","client_only","pages.config.js","nta-core-adminhub","PLANNED"
"/ClientResults","ClientResults","CLIENT","client_only","pages.config.js","nta-core-adminhub","PLANNED"
"/ClientROI","ClientROI","CLIENT","client_only","pages.config.js","nta-core-adminhub","PLANNED"
"/ClientROIReports","ClientROIReports","CLIENT","client_only","pages.config.js","nta-core-adminhub","PLANNED"
"/ClientROITimeline","ClientROITimeline","CLIENT","client_only","pages.config.js","nta-core-adminhub","PLANNED"
"/ClientSettings","ClientSettings","CLIENT","client_only","pages.config.js","nta-core-adminhub","PLANNED"
"/DIYBillingSettings","DIYBillingSettings","CLIENT","client_only","pages.config.js","nta-core-adminhub","PLANNED"
"/DIYCheckoutSuccess","DIYCheckoutSuccess","CLIENT","client_only","pages.config.js","nta-core-adminhub","PLANNED"
"/DIYDashboard","DIYDashboard","CLIENT","client_only","pages.config.js","nta-core-adminhub","PLANNED"
"/DIYGrowthSystemSales","DIYGrowthSystemSales","CLIENT","client_only","pages.config.js","nta-core-adminhub","PLANNED"
"/DIYOnboarding","DIYOnboarding","CLIENT","client_only","pages.config.js","nta-core-adminhub","PLANNED"
"/DIYPricingLadder","DIYPricingLadder","CLIENT","client_only","pages.config.js","nta-core-adminhub","PLANNED"
"/portal","Route","CLIENT","client_only","App.jsx","nta-core-adminhub","PLANNED"
"/portal/account","Route","CLIENT","client_only","App.jsx","nta-core-adminhub","PLANNED"
"/portal/approvals","Route","CLIENT","client_only","App.jsx","nta-core-adminhub","PLANNED"
"/portal/calendar","Route","CLIENT","client_only","App.jsx","nta-core-adminhub","PLANNED"
"/portal/content","Route","CLIENT","client_only","App.jsx","nta-core-adminhub","PLANNED"
"/portal/messages","Route","CLIENT","client_only","App.jsx","nta-core-adminhub","PLANNED"
"/portal/performance","Route","CLIENT","client_only","App.jsx","nta-core-adminhub","PLANNED"
"*","Route","PUBLIC","public","App.jsx","new-tech-advertising","PLANNED"
"/","Home","PUBLIC","public","App.jsx","new-tech-advertising","PLANNED"
"/About","About","PUBLIC","public","pages.config.js","new-tech-advertising","PLANNED"
"/accessible-websites","AccessibleWebsites","PUBLIC","public","App.jsx","new-tech-advertising","PLANNED"
"/Ada","Ada","PUBLIC","public","pages.config.js","new-tech-advertising","PLANNED"
"/ada-compliance","WebsitesAsSalespeople","PUBLIC","public","App.jsx","new-tech-advertising","PLANNED"
"/Ada-Compliance","Ada-Compliance","PUBLIC","public","pages.config.js","new-tech-advertising","PLANNED"
"/ada-website-lawsuit-prevention","WebsitesAsSalespeople","PUBLIC","public","App.jsx","new-tech-advertising","PLANNED"
"/ada-website-rebuild","WebsitesAsSalespeople","PUBLIC","public","App.jsx","new-tech-advertising","PLANNED"
"/AdaAccessibility","AdaAccessibility","PUBLIC","public","pages.config.js","new-tech-advertising","PLANNED"
"/AdaIntake","AdaIntake","PUBLIC","public","pages.config.js","new-tech-advertising","PLANNED"
"/AdaOnboarding","AdaOnboarding","PUBLIC","public","pages.config.js","new-tech-advertising","PLANNED"
"/AdaQuote","AdaQuote","PUBLIC","public","pages.config.js","new-tech-advertising","PLANNED"
"/AdaSalesAssistant","AdaSalesAssistant","PUBLIC","public","pages.config.js","new-tech-advertising","PLANNED"
"/AdaSuccess","AdaSuccess","PUBLIC","public","pages.config.js","new-tech-advertising","PLANNED"
"/AdaThankYou","AdaThankYou","PUBLIC","public","pages.config.js","new-tech-advertising","PLANNED"
"/AdaWebsiteCompliance","AdaWebsiteCompliance","PUBLIC","public","pages.config.js","new-tech-advertising","PLANNED"
"/AdaWebsiteLawsuitPrevention","AdaWebsiteLawsuitPrevention","PUBLIC","public","pages.config.js","new-tech-advertising","PLANNED"
"/AdaWebsiteRebuild","AdaWebsiteRebuild","PUBLIC","public","pages.config.js","new-tech-advertising","PLANNED"
"/AdminCanonicalManagement","AdminCanonicalManagement","PUBLIC","public","App.jsx","new-tech-advertising","PLANNED"
"/AdminCanonMigration","AdminCanonMigration","PUBLIC","public","App.jsx","new-tech-advertising","PLANNED"
"/ai-brought-me-out-of-retirement","AiBroughtMeOutOfRetirement","PUBLIC","public","App.jsx","new-tech-advertising","PLANNED"
"/ai-policy","AIPolicy","PUBLIC","public","App.jsx","new-tech-advertising","PLANNED"
"/ai-video-marketing","AgencyGapAudits","PUBLIC","public","App.jsx","new-tech-advertising","PLANNED"
"/ai-visibility-basics","AIVisibilityBasics","PUBLIC","public","App.jsx","new-tech-advertising","PLANNED"
"/AiAccessibilityChecker","AiAccessibilityChecker","PUBLIC","public","pages.config.js","new-tech-advertising","PLANNED"
"/AiAdvertising","AiAdvertising","PUBLIC","public","pages.config.js","new-tech-advertising","PLANNED"
"/AiMarketingPlatform","AiMarketingPlatform","PUBLIC","public","pages.config.js","new-tech-advertising","PLANNED"
"/aipolicy","Route","PUBLIC","public","App.jsx","new-tech-advertising","PLANNED"
"/AiSeo","AiSeo","PUBLIC","public","pages.config.js","new-tech-advertising","PLANNED"
"/AiSocialMedia","AiSocialMedia","PUBLIC","public","pages.config.js","new-tech-advertising","PLANNED"
"/AiSocialMediaSmallBusiness","AiSocialMediaSmallBusiness","PUBLIC","public","pages.config.js","new-tech-advertising","PLANNED"
"/AiVideos","AiVideos","PUBLIC","public","pages.config.js","new-tech-advertising","PLANNED"
"/AiVideoStudio","AiVideoStudio","PUBLIC","public","pages.config.js","new-tech-advertising","PLANNED"
"/AiWebsites","AiWebsites","PUBLIC","public","pages.config.js","new-tech-advertising","PLANNED"
"/approval/:token","Route","PUBLIC","noindex","App.jsx","new-tech-advertising","PLANNED"
"/audit/furniture-mattress-outlet","CommunityPartnerProgram","PUBLIC","noindex","App.jsx","new-tech-advertising","PLANNED"
"/AuthorityDashboard","AuthorityDashboard","PUBLIC","public","pages.config.js","new-tech-advertising","PLANNED"
"/AuthorityMap","AuthorityMap","PUBLIC","public","pages.config.js","new-tech-advertising","PLANNED"
"/back-office","BackOfficeSolutions","PUBLIC","public","App.jsx","new-tech-advertising","PLANNED"
"/back-office-solutions","BackOfficeSolutions","PUBLIC","public","App.jsx","new-tech-advertising","PLANNED"
"/better-business-book","BetterBusinessBook","PUBLIC","public","App.jsx","new-tech-advertising","PLANNED"
"/Blog","Blog","PUBLIC","public","pages.config.js","new-tech-advertising","PLANNED"
"/BlogPost","BlogPost","PUBLIC","public","pages.config.js","new-tech-advertising","PLANNED"
"/book-call","BookCall","PUBLIC","public","App.jsx","new-tech-advertising","PLANNED"
"/Book-Call","Book-Call","PUBLIC","public","pages.config.js","new-tech-advertising","PLANNED"
"/BookCall","BookCall","PUBLIC","public","pages.config.js","new-tech-advertising","PLANNED"
"/books","Books","PUBLIC","public","App.jsx","new-tech-advertising","PLANNED"
"/brand-book","NTABrandBook","PUBLIC","public","App.jsx","new-tech-advertising","PLANNED"
"/building-digital-trust","BuildingDigitalTrust","PUBLIC","public","App.jsx","new-tech-advertising","PLANNED"
"/BulldogTV","BulldogTV","PUBLIC","public","pages.config.js","new-tech-advertising","PLANNED"
"/BulldogTVSpotlights","BulldogTVSpotlights","PUBLIC","public","pages.config.js","new-tech-advertising","PLANNED"
"/BulldogTVStories","BulldogTVStories","PUBLIC","public","pages.config.js","new-tech-advertising","PLANNED"
"/BulldogTVSubmissions","BulldogTVSubmissions","PUBLIC","public","pages.config.js","new-tech-advertising","PLANNED"
"/BulldogTVSubmit","BulldogTVSubmit","PUBLIC","public","pages.config.js","new-tech-advertising","PLANNED"
"/BulldogTVVideos","BulldogTVVideos","PUBLIC","public","pages.config.js","new-tech-advertising","PLANNED"
"/BulldogTVWatch","BulldogTVWatch","PUBLIC","public","pages.config.js","new-tech-advertising","PLANNED"
"/BulldogTVYearbook","BulldogTVYearbook","PUBLIC","public","pages.config.js","new-tech-advertising","PLANNED"
"/business-journey","BusinessJourney","PUBLIC","public","App.jsx","new-tech-advertising","PLANNED"
"/business-score","NTABusinessScore","PUBLIC","public","App.jsx","new-tech-advertising","PLANNED"
"/c/:clientId","LearningCenter","PUBLIC","noindex","App.jsx","new-tech-advertising","PLANNED"
"/c/:clientId/agreement/:agreementId","LearningCenter","PUBLIC","noindex","App.jsx","new-tech-advertising","PLANNED"
"/campaigns-vs-authority","CampaignsVsAuthority","PUBLIC","public","App.jsx","new-tech-advertising","PLANNED"
"/canon","CanonExplorer","PUBLIC","public","App.jsx","new-tech-advertising","PLANNED"
"/canon/collection/:slug","CanonCollectionView","PUBLIC","public","App.jsx","new-tech-advertising","PLANNED"
"/CanonCollectionView","CanonCollectionView","PUBLIC","public","pages.config.js","new-tech-advertising","PLANNED"
"/CanonExplorer","CanonExplorer","PUBLIC","public","pages.config.js","new-tech-advertising","PLANNED"
"/case-studies/:slug","CaseStudyDetail","PUBLIC","public","App.jsx","new-tech-advertising","PLANNED"
"/case-studies/johnson-heating","JohnsonHeatingCaseStudy","PUBLIC","public","App.jsx","new-tech-advertising","PLANNED"
"/case-study/johnson-heating","CaseStudyJohnsonHeating","PUBLIC","public","App.jsx","new-tech-advertising","PLANNED"
"/case-study/monson-plumbing","CaseStudyMonsonPlumbing","PUBLIC","public","App.jsx","new-tech-advertising","PLANNED"
"/case-study/papa-everetts","CaseStudyPapaEveretts","PUBLIC","public","App.jsx","new-tech-advertising","PLANNED"
"/CaseStudies","CaseStudies","PUBLIC","public","pages.config.js","new-tech-advertising","PLANNED"
"/CaseStudyDetail","CaseStudyDetail","PUBLIC","public","pages.config.js","new-tech-advertising","PLANNED"
"/channel-help","ChannelHelpCenter","PUBLIC","public","App.jsx","new-tech-advertising","PLANNED"
"/ChannelHelpCenter","ChannelHelpCenter","PUBLIC","public","pages.config.js","new-tech-advertising","PLANNED"
"/client/channel-setup/:clientId","PublishingQueuePage","PUBLIC","noindex","App.jsx","new-tech-advertising","PLANNED"
"/clients","Route","PUBLIC","public","App.jsx","new-tech-advertising","PLANNED"
"/clients/:id","Route","PUBLIC","public","App.jsx","new-tech-advertising","PLANNED"
"/community-growth-advisor","CommunityGrowthAdvisor","PUBLIC","public","App.jsx","new-tech-advertising","PLANNED"
"/community-growth-conversation","CommunityGrowthConversation","PUBLIC","public","App.jsx","new-tech-advertising","PLANNED"
"/community-intelligence","CommunityIntelligence","PUBLIC","public","App.jsx","new-tech-advertising","PLANNED"
"/community-partner","CommunityPartnerProgram","PUBLIC","public","App.jsx","new-tech-advertising","PLANNED"
"/Contact","Contact","PUBLIC","public","pages.config.js","new-tech-advertising","PLANNED"
"/contractor-marketing-north-iowa","Route","PUBLIC","public","App.jsx","new-tech-advertising","PLANNED"
"/deal-room/:company","DealRoom","PUBLIC","noindex","App.jsx","new-tech-advertising","PLANNED"
"/DealRoom","DealRoom","PUBLIC","noindex","pages.config.js","new-tech-advertising","PLANNED"
"/DealRoomCaseStudies","DealRoomCaseStudies","PUBLIC","noindex","pages.config.js","new-tech-advertising","PLANNED"
"/DealRoomContract","DealRoomContract","PUBLIC","noindex","pages.config.js","new-tech-advertising","PLANNED"
"/DealRoomPricing","DealRoomPricing","PUBLIC","noindex","pages.config.js","new-tech-advertising","PLANNED"
"/DealRoomProposal","DealRoomProposal","PUBLIC","noindex","pages.config.js","new-tech-advertising","PLANNED"
"/DealRoomRoi","DealRoomRoi","PUBLIC","noindex","pages.config.js","new-tech-advertising","PLANNED"
"/Demo","Demo","PUBLIC","public","pages.config.js","new-tech-advertising","PLANNED"
"/demo/flow","DemoFlow","PUBLIC","noindex","App.jsx","new-tech-advertising","PLANNED"
"/demo/furniture-mattress-outlet","NTACommandCenter","PUBLIC","noindex","App.jsx","new-tech-advertising","PLANNED"
"/DemoExamples","DemoExamples","PUBLIC","public","pages.config.js","new-tech-advertising","PLANNED"
"/DemoFeatures","DemoFeatures","PUBLIC","public","pages.config.js","new-tech-advertising","PLANNED"
"/DemoFlow","DemoFlow","PUBLIC","public","pages.config.js","new-tech-advertising","PLANNED"
"/DemoNext","DemoNext","PUBLIC","public","pages.config.js","new-tech-advertising","PLANNED"
"/DemoOverview","DemoOverview","PUBLIC","public","pages.config.js","new-tech-advertising","PLANNED"
"/DemoPlatform","DemoPlatform","PUBLIC","public","pages.config.js","new-tech-advertising","PLANNED"
"/DemoPricing","DemoPricing","PUBLIC","public","pages.config.js","new-tech-advertising","PLANNED"
"/DemoProblem","DemoProblem","PUBLIC","public","pages.config.js","new-tech-advertising","PLANNED"
"/DemoRoi","DemoRoi","PUBLIC","public","pages.config.js","new-tech-advertising","PLANNED"
"/DemoSchoolAbout","DemoSchoolAbout","PUBLIC","public","pages.config.js","new-tech-advertising","PLANNED"
"/DemoSchoolChannel","DemoSchoolChannel","PUBLIC","public","pages.config.js","new-tech-advertising","PLANNED"
"/DemoSchoolStoryDetail","DemoSchoolStoryDetail","PUBLIC","public","pages.config.js","new-tech-advertising","PLANNED"
"/DemoStart","DemoStart","PUBLIC","public","pages.config.js","new-tech-advertising","PLANNED"
"/DentistMarketing","DentistMarketing","PUBLIC","public","pages.config.js","new-tech-advertising","PLANNED"
"/digital-growth-office-preview","DigitalGrowthOfficePreview","PUBLIC","public","App.jsx","new-tech-advertising","PLANNED"
"/digital-risks","DigitalRisks","PUBLIC","public","App.jsx","new-tech-advertising","PLANNED"
"/diy-checkout-success","DemoFlow","PUBLIC","noindex","App.jsx","new-tech-advertising","PLANNED"
"/EditorialDashboard","EditorialDashboard","PUBLIC","public","App.jsx","new-tech-advertising","PLANNED"
"/find_replace","find_replace","PUBLIC","public","pages.config.js","new-tech-advertising","PLANNED"
"/find-your-plan","DemoFlow","PUBLIC","public","App.jsx","new-tech-advertising","PLANNED"
"/Free-Audit","Free-Audit","PUBLIC","public","pages.config.js","new-tech-advertising","PLANNED"
"/FunnelPage","FunnelPage","PUBLIC","noindex","pages.config.js","new-tech-advertising","PLANNED"
"/gap-audit","AgencyGapAudits","PUBLIC","public","App.jsx","new-tech-advertising","PLANNED"
"/GapAuditPage","AgencyGapAudits","PUBLIC","public","App.jsx","new-tech-advertising","PLANNED"
"/Get-Started","Get-Started","PUBLIC","public","pages.config.js","new-tech-advertising","PLANNED"
"/getting-started","ChannelHelpCenter","PUBLIC","public","App.jsx","new-tech-advertising","PLANNED"
"/GettingStarted","GettingStarted","PUBLIC","public","pages.config.js","new-tech-advertising","PLANNED"
"/growth-conversation","NTAGrowthConversation","PUBLIC","public","App.jsx","new-tech-advertising","PLANNED"
"/growth-guide","MyGrowthJourney","PUBLIC","public","App.jsx","new-tech-advertising","PLANNED"
"/growth-roadmap-generator","NTAGrowthRoadmapGenerator","PUBLIC","public","App.jsx","new-tech-advertising","PLANNED"
"/growth-show","GrowthShow","PUBLIC","public","App.jsx","new-tech-advertising","PLANNED"
"/growth-show/:slug","GrowthShowEpisode","PUBLIC","public","App.jsx","new-tech-advertising","PLANNED"
"/growth-systems-vs-campaigns","GrowthSystemsVsCampaigns","PUBLIC","public","App.jsx","new-tech-advertising","PLANNED"
"/GrowthSystem","GrowthSystem","PUBLIC","public","pages.config.js","new-tech-advertising","PLANNED"
"/HelpAndSupport","HelpAndSupport","PUBLIC","public","pages.config.js","new-tech-advertising","PLANNED"
"/hidden-cost-of-outdated-marketing","TheHiddenCostOfOutdatedMarketing","PUBLIC","public","App.jsx","new-tech-advertising","PLANNED"
"/home","Route","PUBLIC","public","App.jsx","new-tech-advertising","PLANNED"
"/Home","Route","PUBLIC","public","App.jsx","new-tech-advertising","PLANNED"
"/Home","Home","PUBLIC","public","pages.config.js","new-tech-advertising","PLANNED"
"/HomePage","Route","PUBLIC","public","App.jsx","new-tech-advertising","PLANNED"
"/HomePage","HomePage","PUBLIC","public","pages.config.js","new-tech-advertising","PLANNED"
"/hvac-funnel/1","Route","PUBLIC","noindex","App.jsx","new-tech-advertising","PLANNED"
"/hvac-funnel/2","Route","PUBLIC","noindex","App.jsx","new-tech-advertising","PLANNED"
"/hvac-funnel/3","NTACommandCenter","PUBLIC","noindex","App.jsx","new-tech-advertising","PLANNED"
"/hvac-funnel/4","NTACommandCenter","PUBLIC","noindex","App.jsx","new-tech-advertising","PLANNED"
"/hvac-funnel/5","NTACommandCenter","PUBLIC","noindex","App.jsx","new-tech-advertising","PLANNED"
"/hvac-funnel/thank-you","NTACommandCenter","PUBLIC","noindex","App.jsx","new-tech-advertising","PLANNED"
"/hvac-marketing-north-iowa","Route","PUBLIC","public","App.jsx","new-tech-advertising","PLANNED"
"/HvacIndustry","HvacIndustry","PUBLIC","public","pages.config.js","new-tech-advertising","PLANNED"
"/HvacMarketing","HvacMarketing","PUBLIC","public","pages.config.js","new-tech-advertising","PLANNED"
"/i-was-early-again","IWasEarlyAgain","PUBLIC","public","App.jsx","new-tech-advertising","PLANNED"
"/index.html","Route","PUBLIC","public","App.jsx","new-tech-advertising","PLANNED"
"/IndustriesHub","IndustriesHub","PUBLIC","public","pages.config.js","new-tech-advertising","PLANNED"
"/IndustriesNonprofits","IndustriesNonprofits","PUBLIC","public","pages.config.js","new-tech-advertising","PLANNED"
"/IndustriesProfessionals","IndustriesProfessionals","PUBLIC","public","pages.config.js","new-tech-advertising","PLANNED"
"/IndustriesServiceTrades","IndustriesServiceTrades","PUBLIC","public","pages.config.js","new-tech-advertising","PLANNED"
"/IndustriesSmallLocal","IndustriesSmallLocal","PUBLIC","public","pages.config.js","new-tech-advertising","PLANNED"
"/Industry","Industry","PUBLIC","public","pages.config.js","new-tech-advertising","PLANNED"
"/IndustryNonprofit","IndustryNonprofit","PUBLIC","public","pages.config.js","new-tech-advertising","PLANNED"
"/IndustryNonprofits","IndustryNonprofits","PUBLIC","public","pages.config.js","new-tech-advertising","PLANNED"
"/IndustryProfessional","IndustryProfessional","PUBLIC","public","pages.config.js","new-tech-advertising","PLANNED"
"/IndustryProfessionals","IndustryProfessionals","PUBLIC","public","pages.config.js","new-tech-advertising","PLANNED"
"/IndustryServiceTrades","IndustryServiceTrades","PUBLIC","public","pages.config.js","new-tech-advertising","PLANNED"
"/IndustrySmall","IndustrySmall","PUBLIC","public","pages.config.js","new-tech-advertising","PLANNED"
"/IndustrySmallLocal","IndustrySmallLocal","PUBLIC","public","pages.config.js","new-tech-advertising","PLANNED"
"/IndustryTrades","IndustryTrades","PUBLIC","public","pages.config.js","new-tech-advertising","PLANNED"
"/insights","AgencyPortalManager","PUBLIC","public","App.jsx","new-tech-advertising","PLANNED"
"/insights/:slug","AgencyPortalManager","PUBLIC","public","App.jsx","new-tech-advertising","PLANNED"
"/invoicing","FreshBooksInvoicing","PUBLIC","public","App.jsx","new-tech-advertising","PLANNED"
"/join-nta","Books","PUBLIC","public","App.jsx","new-tech-advertising","PLANNED"
"/JoinNTA","JoinNTA","PUBLIC","public","pages.config.js","new-tech-advertising","PLANNED"
"/journal","JournalLanding","PUBLIC","public","App.jsx","new-tech-advertising","PLANNED"
"/journal/:slug","JournalIssueView","PUBLIC","public","App.jsx","new-tech-advertising","PLANNED"
"/JournalIssueView","JournalIssueView","PUBLIC","public","pages.config.js","new-tech-advertising","PLANNED"
"/JournalLanding","JournalLanding","PUBLIC","public","pages.config.js","new-tech-advertising","PLANNED"
"/knowledge","KnowledgeLibrary","PUBLIC","public","App.jsx","new-tech-advertising","PLANNED"
"/knowledge/:collectionSlug","KnowledgeCollection","PUBLIC","public","App.jsx","new-tech-advertising","PLANNED"
"/knowledge/:collectionSlug/:lessonSlug","KnowledgeLesson","PUBLIC","public","App.jsx","new-tech-advertising","PLANNED"
"/knowledge/ai-humanity","AIHumanityCollection","PUBLIC","public","App.jsx","new-tech-advertising","PLANNED"
"/knowledge/ai-humanity/ai-is-a-mirror-not-a-god","AIHumanityArticle","PUBLIC","public","App.jsx","new-tech-advertising","PLANNED"
"/knowledge/articles/:slug","FlagshipArticle","PUBLIC","public","App.jsx","new-tech-advertising","PLANNED"
"/knowledge/playbook","NTAPlaybook","PUBLIC","public","App.jsx","new-tech-advertising","PLANNED"
"/knowledge/prompts","KnowledgePrompts","PUBLIC","public","App.jsx","new-tech-advertising","PLANNED"
"/knowledge/sales-conversations","SalesConversations","PUBLIC","public","App.jsx","new-tech-advertising","PLANNED"
"/Layout","Layout","PUBLIC","public","pages.config.js","new-tech-advertising","PLANNED"
"/learning-center","LearningCenter","PUBLIC","public","App.jsx","new-tech-advertising","PLANNED"
"/learning-center/category/:id","LCCategory","PUBLIC","public","App.jsx","new-tech-advertising","PLANNED"
"/learning-center/videos","LCVideoLibrary","PUBLIC","public","App.jsx","new-tech-advertising","PLANNED"
"/learning-center/videos/:id","LCVideoDetail","PUBLIC","public","App.jsx","new-tech-advertising","PLANNED"
"/local-lead-systems","Route","PUBLIC","public","App.jsx","new-tech-advertising","PLANNED"
"/LocalBusinessMarketing","LocalBusinessMarketing","PUBLIC","public","pages.config.js","new-tech-advertising","PLANNED"
"/LocalVisibility","LocalVisibility","PUBLIC","public","pages.config.js","new-tech-advertising","PLANNED"
"/mainPage","mainPage","PUBLIC","public","pages.config.js","new-tech-advertising","PLANNED"
"/MedSpaMarketing","MedSpaMarketing","PUBLIC","public","pages.config.js","new-tech-advertising","PLANNED"
"/New","New","PUBLIC","public","pages.config.js","new-tech-advertising","PLANNED"
"/nta-journal","NtaJournal","PUBLIC","public","App.jsx","new-tech-advertising","PLANNED"
"/nta/demo","ChannelHelpCenter","PUBLIC","noindex","App.jsx","new-tech-advertising","PLANNED"
"/nta/diy-growth-system","DIYGrowthSystemSales","PUBLIC","public","App.jsx","new-tech-advertising","PLANNED"
"/nta/home","NTASalesFollowUp","PUBLIC","public","App.jsx","new-tech-advertising","PLANNED"
"/nta/pricing-ladder","NTAPricingLadderPage","PUBLIC","public","App.jsx","new-tech-advertising","PLANNED"
"/NtaJournal","NtaJournal","PUBLIC","public","pages.config.js","new-tech-advertising","PLANNED"
"/Old","Old","PUBLIC","public","pages.config.js","new-tech-advertising","PLANNED"
"/Onboarding","Onboarding","PUBLIC","public","pages.config.js","new-tech-advertising","PLANNED"
"/OnboardingStart","OnboardingStart","PUBLIC","public","pages.config.js","new-tech-advertising","PLANNED"
"/OnboardThankYou","OnboardThankYou","PUBLIC","public","pages.config.js","new-tech-advertising","PLANNED"
"/operating-system","NTAOperatingSystem","PUBLIC","public","App.jsx","new-tech-advertising","PLANNED"
"/our-story","OurStory","PUBLIC","public","App.jsx","new-tech-advertising","PLANNED"
"/our-work","Route","PUBLIC","public","App.jsx","new-tech-advertising","PLANNED"
"/OurWork","OurWork","PUBLIC","public","pages.config.js","new-tech-advertising","PLANNED"
"/Pages","Pages","PUBLIC","public","pages.config.js","new-tech-advertising","PLANNED"
"/Platform","Platform","PUBLIC","public","pages.config.js","new-tech-advertising","PLANNED"
"/PlumbingMarketing","PlumbingMarketing","PUBLIC","public","pages.config.js","new-tech-advertising","PLANNED"
"/point-of-view","POVCollection","PUBLIC","public","App.jsx","new-tech-advertising","PLANNED"
"/point-of-view/:slug","POVArticleView","PUBLIC","public","App.jsx","new-tech-advertising","PLANNED"
"/practical-ai","WebsiteRebuildService","PUBLIC","public","App.jsx","new-tech-advertising","PLANNED"
"/practical-ai-for-small-business","PracticalAI","PUBLIC","public","App.jsx","new-tech-advertising","PLANNED"
"/practical-ai-for-small-businesses","PracticalAIForSmallBusinesses","PUBLIC","public","App.jsx","new-tech-advertising","PLANNED"
"/Pricing","Pricing","PUBLIC","public","pages.config.js","new-tech-advertising","PLANNED"
"/PrivacyPolicy","PrivacyPolicy","PUBLIC","public","pages.config.js","new-tech-advertising","PLANNED"
"/PublicProposal","PublicProposal","PUBLIC","public","pages.config.js","new-tech-advertising","PLANNED"
"/PublishingArticleView","PublishingArticleView","PUBLIC","public","App.jsx","new-tech-advertising","PLANNED"
"/PublishingEngine","PublishingEngine","PUBLIC","public","App.jsx","new-tech-advertising","PLANNED"
"/Rebuild","Rebuild","PUBLIC","public","pages.config.js","new-tech-advertising","PLANNED"
"/rebuild-intake","AdminRecruitingCandidates","PUBLIC","public","App.jsx","new-tech-advertising","PLANNED"
"/Rebuild-Intake","Rebuild-Intake","PUBLIC","public","pages.config.js","new-tech-advertising","PLANNED"
"/RebuildIntake","RebuildIntake","PUBLIC","public","pages.config.js","new-tech-advertising","PLANNED"
"/RebuildIntakePretty","RebuildIntakePretty","PUBLIC","public","pages.config.js","new-tech-advertising","PLANNED"
"/RebuildProposal","RebuildProposal","PUBLIC","public","pages.config.js","new-tech-advertising","PLANNED"
"/relationship-builder","NTARelationshipBuilder","PUBLIC","public","App.jsx","new-tech-advertising","PLANNED"
"/reputation-is-now-a-growth-engine","ReputationIsNowAGrowthEngine","PUBLIC","public","App.jsx","new-tech-advertising","PLANNED"
"/restaurant-demo","Route","PUBLIC","public","App.jsx","new-tech-advertising","PLANNED"
"/restaurant-demo/bar","AgencyPortalManager","PUBLIC","public","App.jsx","new-tech-advertising","PLANNED"
"/restaurant-demo/mexican","AgencyPortalManager","PUBLIC","public","App.jsx","new-tech-advertising","PLANNED"
"/restaurant-demo/pizza","AgencyPortalManager","PUBLIC","public","App.jsx","new-tech-advertising","PLANNED"
"/RestaurantMarketing","RestaurantMarketing","PUBLIC","public","pages.config.js","new-tech-advertising","PLANNED"
"/restaurants","RestaurantSolutions","PUBLIC","public","App.jsx","new-tech-advertising","PLANNED"
"/RestaurantSocialMedia","RestaurantSocialMedia","PUBLIC","public","pages.config.js","new-tech-advertising","PLANNED"
"/role-of-ai-in-local-marketing","TheRoleOfAIInLocalMarketing","PUBLIC","public","App.jsx","new-tech-advertising","PLANNED"
"/RoofingMarketing","RoofingMarketing","PUBLIC","public","pages.config.js","new-tech-advertising","PLANNED"
"/SchoolAbout","SchoolAbout","PUBLIC","public","pages.config.js","new-tech-advertising","PLANNED"
"/SchoolEventDetail","SchoolEventDetail","PUBLIC","public","pages.config.js","new-tech-advertising","PLANNED"
"/SchoolEvents","SchoolEvents","PUBLIC","public","pages.config.js","new-tech-advertising","PLANNED"
"/SchoolHome","SchoolHome","PUBLIC","public","pages.config.js","new-tech-advertising","PLANNED"
"/SchoolSpotlightDetail","SchoolSpotlightDetail","PUBLIC","public","pages.config.js","new-tech-advertising","PLANNED"
"/SchoolSpotlights","SchoolSpotlights","PUBLIC","public","pages.config.js","new-tech-advertising","PLANNED"
"/SchoolStories","SchoolStories","PUBLIC","public","pages.config.js","new-tech-advertising","PLANNED"
"/SchoolStoryDetail","SchoolStoryDetail","PUBLIC","public","pages.config.js","new-tech-advertising","PLANNED"
"/SchoolStoryLab","SchoolStoryLab","PUBLIC","public","pages.config.js","new-tech-advertising","PLANNED"
"/SchoolStoryLabPresentation","SchoolStoryLabPresentation","PUBLIC","public","pages.config.js","new-tech-advertising","PLANNED"
"/SchoolStudentDashboard","SchoolStudentDashboard","PUBLIC","public","pages.config.js","new-tech-advertising","PLANNED"
"/SchoolStudentLogin","SchoolStudentLogin","PUBLIC","public","pages.config.js","new-tech-advertising","PLANNED"
"/SchoolStudentProfile","SchoolStudentProfile","PUBLIC","public","pages.config.js","new-tech-advertising","PLANNED"
"/SchoolStudentUploadNew","SchoolStudentUploadNew","PUBLIC","public","pages.config.js","new-tech-advertising","PLANNED"
"/SchoolStudentUploads","SchoolStudentUploads","PUBLIC","public","pages.config.js","new-tech-advertising","PLANNED"
"/SchoolSubmit","SchoolSubmit","PUBLIC","public","pages.config.js","new-tech-advertising","PLANNED"
"/SchoolSubmitGuide","SchoolSubmitGuide","PUBLIC","public","pages.config.js","new-tech-advertising","PLANNED"
"/SchoolTV","SchoolTV","PUBLIC","public","pages.config.js","new-tech-advertising","PLANNED"
"/SchoolTVDealRoom","SchoolTVDealRoom","PUBLIC","public","pages.config.js","new-tech-advertising","PLANNED"
"/SchoolTVDemo","SchoolTVDemo","PUBLIC","public","pages.config.js","new-tech-advertising","PLANNED"
"/SchoolVideoDetail","SchoolVideoDetail","PUBLIC","public","pages.config.js","new-tech-advertising","PLANNED"
"/SchoolYearbook","SchoolYearbook","PUBLIC","public","pages.config.js","new-tech-advertising","PLANNED"
"/SchoolYearbookCategory","SchoolYearbookCategory","PUBLIC","public","pages.config.js","new-tech-advertising","PLANNED"
"/SchoolYearbookGallery","SchoolYearbookGallery","PUBLIC","public","pages.config.js","new-tech-advertising","PLANNED"
"/SchoolYearbookPage","SchoolYearbookPage","PUBLIC","public","pages.config.js","new-tech-advertising","PLANNED"
"/SchoolYearbookSeason","SchoolYearbookSeason","PUBLIC","public","pages.config.js","new-tech-advertising","PLANNED"
"/seasonal-campaigns","AgencyGapAudits","PUBLIC","public","App.jsx","new-tech-advertising","PLANNED"
"/seo-pages-for-local-businesses","Route","PUBLIC","public","App.jsx","new-tech-advertising","PLANNED"
"/seo-vs-ai-search","SEOVsAISearch","PUBLIC","public","App.jsx","new-tech-advertising","PLANNED"
"/ServiceLocation","ServiceLocation","PUBLIC","public","pages.config.js","new-tech-advertising","PLANNED"
"/Services","Services","PUBLIC","public","pages.config.js","new-tech-advertising","PLANNED"
"/services/social-media-management","SocialMediaManagement","PUBLIC","public","App.jsx","new-tech-advertising","PLANNED"
"/services/website-rebuilds","WebsiteRebuildService","PUBLIC","public","App.jsx","new-tech-advertising","PLANNED"
"/SetupComplete","SetupComplete","PUBLIC","public","pages.config.js","new-tech-advertising","PLANNED"
"/SiteMap","SiteMap","PUBLIC","public","pages.config.js","new-tech-advertising","PLANNED"
"/small-business-marketing-north-iowa","Route","PUBLIC","public","App.jsx","new-tech-advertising","PLANNED"
"/social-media-content-system","AgencyGapAudits","PUBLIC","public","App.jsx","new-tech-advertising","PLANNED"
"/social-media/albert-lea-mn","SocialMediaAlbertLeaMN","PUBLIC","public","App.jsx","new-tech-advertising","PLANNED"
"/social-media/austin-mn","SocialMediaAustinMN","PUBLIC","public","App.jsx","new-tech-advertising","PLANNED"
"/social-media/mason-city-ia","SocialMediaMasonCity","PUBLIC","public","App.jsx","new-tech-advertising","PLANNED"
"/social-media/rochester-mn","SocialMediaRochesterMN","PUBLIC","public","App.jsx","new-tech-advertising","PLANNED"
"/SocialMediaManagement","SocialMediaManagement","PUBLIC","public","pages.config.js","new-tech-advertising","PLANNED"
"/SocialMediaMarketing","SocialMediaMarketing","PUBLIC","public","pages.config.js","new-tech-advertising","PLANNED"
"/Start","Start","PUBLIC","public","pages.config.js","new-tech-advertising","PLANNED"
"/StartTrial","StartTrial","PUBLIC","public","pages.config.js","new-tech-advertising","PLANNED"
"/Store","Store","PUBLIC","public","pages.config.js","new-tech-advertising","PLANNED"
"/Streaming-TV","Streaming-TV","PUBLIC","public","pages.config.js","new-tech-advertising","PLANNED"
"/StreamingCreativePayment","StreamingCreativePayment","PUBLIC","noindex","pages.config.js","new-tech-advertising","PLANNED"
"/StreamingDashboard","StreamingDashboard","PUBLIC","noindex","pages.config.js","new-tech-advertising","PLANNED"
"/StreamingIntake","StreamingIntake","PUBLIC","noindex","pages.config.js","new-tech-advertising","PLANNED"
"/StreamingOnboarding","StreamingOnboarding","PUBLIC","noindex","pages.config.js","new-tech-advertising","PLANNED"
"/StreamingProposal","StreamingProposal","PUBLIC","noindex","pages.config.js","new-tech-advertising","PLANNED"
"/StreamingThankYou","StreamingThankYou","PUBLIC","noindex","pages.config.js","new-tech-advertising","PLANNED"
"/StreamingTV","StreamingTV","PUBLIC","public","pages.config.js","new-tech-advertising","PLANNED"
"/StreamingTvAdvertising","StreamingTvAdvertising","PUBLIC","public","pages.config.js","new-tech-advertising","PLANNED"
"/TermsOfService","TermsOfService","PUBLIC","public","pages.config.js","new-tech-advertising","PLANNED"
"/the-future-belongs-to-market-leaders","TheFutureBelongsToMarketLeaders","PUBLIC","public","App.jsx","new-tech-advertising","PLANNED"
"/trial/activation","TrialActivation","PUBLIC","public","App.jsx","new-tech-advertising","PLANNED"
"/trial/business","TrialBusiness","PUBLIC","public","App.jsx","new-tech-advertising","PLANNED"
"/trial/channels","TrialChannels","PUBLIC","public","App.jsx","new-tech-advertising","PLANNED"
"/trial/welcome","TrialWelcome","PUBLIC","public","App.jsx","new-tech-advertising","PLANNED"
"/TrialActivation","TrialActivation","PUBLIC","public","pages.config.js","new-tech-advertising","PLANNED"
"/TrialBusiness","TrialBusiness","PUBLIC","public","pages.config.js","new-tech-advertising","PLANNED"
"/TrialChannels","TrialChannels","PUBLIC","public","pages.config.js","new-tech-advertising","PLANNED"
"/TrialDashboard","TrialDashboard","PUBLIC","public","pages.config.js","new-tech-advertising","PLANNED"
"/TrialOnboarding","TrialOnboarding","PUBLIC","public","pages.config.js","new-tech-advertising","PLANNED"
"/TrialSlug","TrialSlug","PUBLIC","public","pages.config.js","new-tech-advertising","PLANNED"
"/TrialStart","TrialStart","PUBLIC","public","pages.config.js","new-tech-advertising","PLANNED"
"/TrialWelcome","TrialWelcome","PUBLIC","public","pages.config.js","new-tech-advertising","PLANNED"
"/TvCommercialScriptGenerator","TvCommercialScriptGenerator","PUBLIC","public","pages.config.js","new-tech-advertising","PLANNED"
"/TvVideo","TvVideo","PUBLIC","public","pages.config.js","new-tech-advertising","PLANNED"
"/video-storytelling-builds-confidence","VideoStorytellingBuildsConfidence","PUBLIC","public","App.jsx","new-tech-advertising","PLANNED"
"/VideoDetail","VideoDetail","PUBLIC","public","pages.config.js","new-tech-advertising","PLANNED"
"/VideoIndex","VideoIndex","PUBLIC","public","pages.config.js","new-tech-advertising","PLANNED"
"/web-accessibility-trust","WebAccessibilityTrust","PUBLIC","public","App.jsx","new-tech-advertising","PLANNED"
"/Website-Rebuild","Website-Rebuild","PUBLIC","public","pages.config.js","new-tech-advertising","PLANNED"
"/website-rebuilds","Route","PUBLIC","public","App.jsx","new-tech-advertising","PLANNED"
"/website-rebuilds/albert-lea-mn","AdminRecruitingCandidates","PUBLIC","public","App.jsx","new-tech-advertising","PLANNED"
"/website-rebuilds/austin-mn","AdminRecruitingCandidates","PUBLIC","public","App.jsx","new-tech-advertising","PLANNED"
"/website-rebuilds/mason-city-ia","WebsiteRebuildsMasonCity","PUBLIC","public","App.jsx","new-tech-advertising","PLANNED"
"/website-rebuilds/rochester-mn","AdminRecruitingCandidates","PUBLIC","public","App.jsx","new-tech-advertising","PLANNED"
"/WebsiteRebuild","WebsiteRebuild","PUBLIC","public","pages.config.js","new-tech-advertising","PLANNED"
"/websites-as-salespeople","WebsitesAsSalespeople","PUBLIC","public","App.jsx","new-tech-advertising","PLANNED"
"/what-changed-online","WhatChangedOnline","PUBLIC","public","App.jsx","new-tech-advertising","PLANNED"
"/what-changed-online","what-changed-online","PUBLIC","public","pages.config.js","new-tech-advertising","PLANNED"
"/why-nta","WhyNTA","PUBLIC","public","App.jsx","new-tech-advertising","PLANNED"
